platform,title,company,location,link,posted,first_seen
LinkedIn,Udaan Data Analyst,Myntra,"Bengaluru, Karnataka, India",https://in.linkedin.com/jobs/view/udaan-data-analyst-at-myntra-4420409112,2026-06-18,2026-07-02T18:04:52
LinkedIn,Udaan - Data Analyst,Myntra,"Bengaluru, Karnataka, India",https://in.linkedin.com/jobs/view/udaan-data-analyst-at-myntra-4426366531,2026-06-30,2026-07-02T18:04:52
LinkedIn,Data Analyst,Navi,"Bangalore Urban, Karnataka, India",https://in.linkedin.com/jobs/view/data-analyst-at-navi-4426060246,2026-06-10,2026-07-02T18:04:52
LinkedIn,Data Analyst,Aditya Birla Capital,"Maharashtra, India",https://in.linkedin.com/jobs/view/data-analyst-at-aditya-birla-capital-4393216089,2026-06-26,2026-07-02T18:04:52
LinkedIn,Data Analyst,airtel,"Gurugram, Haryana, India",https://in.linkedin.com/jobs/view/data-analyst-at-airtel-4422253774,2026-06-09,2026-07-02T18:04:52
LinkedIn,Analyst - III,Nykaa,"Bengaluru, Karnataka, India",https://in.linkedin.com/jobs/view/analyst-iii-at-nykaa-4428480668,2026-06-17,2026-07-02T18:04:52
LinkedIn,Data Analyst Healthcare,Persistent Systems,"Pune City, Maharashtra, India",https://in.linkedin.com/jobs/view/data-analyst-healthcare-at-persistent-systems-4422702349,2026-06-09,2026-07-02T18:04:52
LinkedIn,Business Data Analyst,Persistent Systems,"Pune City, Maharashtra, India",https://in.linkedin.com/jobs/view/business-data-analyst-at-persistent-systems-4423623882,2026-06-11,2026-07-02T18:04:52
LinkedIn,Data Analysis,EXL,"Gurugram, Haryana, India",https://in.linkedin.com/jobs/view/data-analysis-at-exl-4342246167,2026-06-17,2026-07-02T18:04:52
LinkedIn,Data Analyst Power BI,Persistent Systems,"Pune City, Maharashtra, India",https://in.linkedin.com/jobs/view/data-analyst-power-bi-at-persistent-systems-4422700492,2026-06-09,2026-07-02T18:04:52
LinkedIn,Python Developer,Infosys,"Bengaluru, Karnataka, India",https://in.linkedin.com/jobs/view/python-developer-at-infosys-4323369504,2026-04-02,2026-07-02T18:04:52
LinkedIn,Python Developer,Infosys,"Bengaluru, Karnataka, India",https://in.linkedin.com/jobs/view/python-developer-at-infosys-4322807316,2026-01-05,2026-07-02T18:04:52
LinkedIn,Associate - Python Data Engineer - GDC,PwC India,"Kolkata, West Bengal, India",https://in.linkedin.com/jobs/view/associate-python-data-engineer-gdc-at-pwc-india-4291069034,2026-06-24,2026-07-02T18:04:52
LinkedIn,Junior Python Developer,IBM,"Kochi, Kerala, India",https://in.linkedin.com/jobs/view/junior-python-developer-at-ibm-4417202156,2026-06-17,2026-07-02T18:04:52
LinkedIn,Junior Associate - Python Developer,HSBC,"Bengaluru, Karnataka, India",https://in.linkedin.com/jobs/view/junior-associate-python-developer-at-hsbc-4435180841,2026-06-30,2026-07-02T18:04:52
LinkedIn,Python Developer,Deloitte,"Bengaluru, Karnataka, India",https://in.linkedin.com/jobs/view/python-developer-at-deloitte-4427346679,2026-06-17,2026-07-02T18:04:52
LinkedIn,Software Engineer - Python,Gartner,"Gurgaon, Haryana, India",https://in.linkedin.com/jobs/view/software-engineer-python-at-gartner-4428466361,2026-06-17,2026-07-02T18:04:52
LinkedIn,Web Developer,Deloitte,"Bengaluru, Karnataka, India",https://in.linkedin.com/jobs/view/web-developer-at-deloitte-4407745342,2026-06-02,2026-07-02T18:04:52
LinkedIn,Python Developer,Infosys,"Chennai, Tamil Nadu, India",https://in.linkedin.com/jobs/view/python-developer-at-infosys-4434345880,2026-06-30,2026-07-02T18:04:52
LinkedIn,Python Developer,PwC,"Bengaluru, Karnataka, India",https://in.linkedin.com/jobs/view/python-developer-at-pwc-4426098192,2026-06-10,2026-07-02T18:04:52
LinkedIn,Python Data scientist,Tech Mahindra,"Mumbai, Maharashtra, India",https://in.linkedin.com/jobs/view/python-data-scientist-at-tech-mahindra-4424887006,2026-06-12,2026-07-02T18:04:52
LinkedIn,Data Scientist,Apex Tigre,"Mumbai, Maharashtra, India",https://in.linkedin.com/jobs/view/data-scientist-at-apex-tigre-4078491097,2024-11-20,2026-07-02T18:04:52
LinkedIn,Data Scientist,KeyValue,"Kochi, Kerala, India",https://in.linkedin.com/jobs/view/data-scientist-at-keyvalue-4404661504,2026-07-01,2026-07-02T18:04:52
LinkedIn,Intern,Victoria’s Secret & Co.,"Bengaluru, Karnataka, India",https://in.linkedin.com/jobs/view/intern-at-victoria%E2%80%99s-secret-co-4434483264,2026-06-29,2026-07-02T18:04:52
LinkedIn,Data Scientist,Quest Global,"Coimbatore, Tamil Nadu, India",https://in.linkedin.com/jobs/view/data-scientist-at-quest-global-4432989205,2026-06-26,2026-07-02T18:04:52
LinkedIn,Python AI/ML Intern,Durapid Technologies Private Limited,"Jaipur, Rajasthan, India",https://in.linkedin.com/jobs/view/python-ai-ml-intern-at-durapid-technologies-private-limited-4424329865,2026-06-04,2026-07-02T18:04:52
LinkedIn,Data Scientist I,SteerLean Consulting,"Rayagada, Odisha, India",https://in.linkedin.com/jobs/view/data-scientist-i-at-steerlean-consulting-4427667748,2026-06-12,2026-07-02T18:04:52
LinkedIn,MathCo - Data Scientist - Python,MathCo,"Bengaluru, Karnataka, India",https://in.linkedin.com/jobs/view/mathco-data-scientist-python-at-mathco-4419573150,2026-05-27,2026-07-02T18:04:52
LinkedIn,Data Scientist-Artificial Intelligence,IBM,"Kochi, Kerala, India",https://in.linkedin.com/jobs/view/data-scientist-artificial-intelligence-at-ibm-4432279143,2026-06-23,2026-07-02T18:04:52
LinkedIn,Data Scientist,Jabil,"Ranjangaon, India",https://in.linkedin.com/jobs/view/data-scientist-at-jabil-4407011119,2026-04-29,2026-07-02T18:04:52
LinkedIn,Software Engineer Intern,Electronic Arts (EA),"Hyderabad, Telangana, India",https://in.linkedin.com/jobs/view/software-engineer-intern-at-electronic-arts-ea-4429875252,2026-06-24,2026-07-02T18:04:52
LinkedIn,SDE Intern,Expound Technivo,"Mumbai, Maharashtra, India",https://in.linkedin.com/jobs/view/sde-intern-at-expound-technivo-4139841162,2025-01-31,2026-07-02T18:04:52
LinkedIn,Software Engineer Intern,ASPIRE IITB Research Park Foundation,"Mumbai, Maharashtra, India",https://in.linkedin.com/jobs/view/software-engineer-intern-at-aspire-iitb-research-park-foundation-4425804300,2026-06-09,2026-07-02T18:04:52
LinkedIn,Internship – Software Engineer | Bhor Kolkata,Bhor Kolkata,Greater Kolkata Area,https://in.linkedin.com/jobs/view/internship-%E2%80%93-software-engineer-bhor-kolkata-at-bhor-kolkata-4410505218,2026-05-05,2026-07-02T18:04:52
LinkedIn,SDE Intern,Hyperqube Ionic,India,https://in.linkedin.com/jobs/view/sde-intern-at-hyperqube-ionic-4415166788,2026-05-16,2026-07-02T18:04:52
LinkedIn,Software Engineer Intern,Silvermine Group,"Bengaluru, Karnataka, India",https://in.linkedin.com/jobs/view/software-engineer-intern-at-silvermine-group-4431874346,2026-06-24,2026-07-02T18:04:52
LinkedIn,Software Engineer Intern,Anakin (YC S21),"Bengaluru, Karnataka, India",https://in.linkedin.com/jobs/view/software-engineer-intern-at-anakin-yc-s21-4416159817,2026-05-20,2026-07-02T18:04:52
LinkedIn,Software Engineer Intern,Friday Media Group,"Bengaluru, Karnataka, India",https://in.linkedin.com/jobs/view/software-engineer-intern-at-friday-media-group-4422944176,2026-06-03,2026-07-02T18:04:52
LinkedIn,Software Engineer Intern,THYNE,India,https://in.linkedin.com/jobs/view/software-engineer-intern-at-thyne-4428821021,2026-06-15,2026-07-02T18:04:52
LinkedIn,Analytics Practitioner,Accenture in India,"Coimbatore, Tamil Nadu, India",https://in.linkedin.com/jobs/view/analytics-practitioner-at-accenture-in-india-4416274825,2026-06-25,2026-07-02T18:58:44
LinkedIn,Data Analyst,Arcana,"Coimbatore, Tamil Nadu, India",https://in.linkedin.com/jobs/view/data-analyst-at-arcana-4321054720,2026-06-01,2026-07-02T18:58:44
LinkedIn,Data Analyst,Tata Consultancy Services,"Mumbai, Maharashtra, India",https://in.linkedin.com/jobs/view/data-analyst-at-tata-consultancy-services-4430454488,2026-06-18,2026-07-02T18:58:44
LinkedIn,Drilling Data Analyst,SLB,"Dehradun, Uttarakhand, India",https://in.linkedin.com/jobs/view/drilling-data-analyst-at-slb-4401618300,2026-06-22,2026-07-02T18:58:44
LinkedIn,Data Analyst,SISL Global,India,https://in.linkedin.com/jobs/view/data-analyst-at-sisl-global-4434451137,2026-06-29,2026-07-02T18:58:44
LinkedIn,Data Management - Data Analyst,CGI,Mumbai Metropolitan Region,https://in.linkedin.com/jobs/view/data-management-data-analyst-at-cgi-4434297733,2026-06-28,2026-07-02T18:58:44
LinkedIn,BI Analyst,Convoso,"Vadodara, Gujarat, India",https://in.linkedin.com/jobs/view/bi-analyst-at-convoso-4379439854,2026-06-19,2026-07-02T18:58:44
LinkedIn,Data Analyst,Fireblaze AI School,"Ahmedabad, Gujarat, India",https://in.linkedin.com/jobs/view/data-analyst-at-fireblaze-ai-school-4267996271,2025-07-16,2026-07-02T18:58:44
LinkedIn,Data Analyst,Apyrn,"Itanagar, Arunachal Pradesh, India",https://in.linkedin.com/jobs/view/data-analyst-at-apyrn-4433349460,2026-06-25,2026-07-02T18:58:44
LinkedIn,PYTHON DEVELOPER,Bix Bytes Solutions AG,"Mangaluru, Karnataka, India",https://in.linkedin.com/jobs/view/python-developer-at-bix-bytes-solutions-ag-4199302467,2025-04-04,2026-07-02T18:58:44
LinkedIn,Python Developer,ekhool,"Thiruvananthapuram, Kerala, India",https://in.linkedin.com/jobs/view/python-developer-at-ekhool-4407182030,2026-04-27,2026-07-02T18:58:44
LinkedIn,Python Developer (202510-J1000002),Jeeno Technologies Inc,Greater Coimbatore Area,https://in.linkedin.com/jobs/view/python-developer-202510-j1000002-at-jeeno-technologies-inc-4409956032,2026-05-06,2026-07-02T18:58:44
LinkedIn,Python Engineer,Virtusa,"Andhra Pradesh, India",https://in.linkedin.com/jobs/view/python-engineer-at-virtusa-4408429111,2026-06-17,2026-07-02T18:58:44
LinkedIn,Python Backend Developer,TECHNIX TECHNOLOGY,"Patna, Bihar, India",https://in.linkedin.com/jobs/view/python-backend-developer-at-technix-technology-4341515435,2025-12-02,2026-07-02T18:58:44
LinkedIn,Python Developer,REDVision Technologies,"Indore, Madhya Pradesh, India",https://in.linkedin.com/jobs/view/python-developer-at-redvision-technologies-4306122390,2025-09-30,2026-07-02T18:58:44
LinkedIn,Python Backend developer,Persistent Systems,"Nagpur, Maharashtra, India",https://in.linkedin.com/jobs/view/python-backend-developer-at-persistent-systems-4435040606,2026-07-02,2026-07-02T18:58:44
LinkedIn,Custom Software Engineer,Accenture in India,"Indore, Madhya Pradesh, India",https://in.linkedin.com/jobs/view/custom-software-engineer-at-accenture-in-india-4428191376,2026-06-25,2026-07-02T18:58:44
LinkedIn,Custom Software Engineer,Accenture in India,Mumbai Metropolitan Region,https://in.linkedin.com/jobs/view/custom-software-engineer-at-accenture-in-india-4433367548,2026-06-25,2026-07-02T18:58:44
LinkedIn,Python Developer,unreconciled,"Kochi, Kerala, India",https://in.linkedin.com/jobs/view/python-developer-at-unreconciled-4425053979,2026-05-14,2026-07-02T18:58:44
LinkedIn,Software Engineering INTERN,Microsoft,India,https://in.linkedin.com/jobs/view/software-engineering-intern-at-microsoft-4431230698,2026-06-23,2026-07-02T18:58:44
LinkedIn,Machine Learning Intern,Aftershoot,"Bawana, Delhi, India",https://in.linkedin.com/jobs/view/machine-learning-intern-at-aftershoot-4431601355,2026-06-21,2026-07-02T18:58:44
LinkedIn,Machine Learning Intern (Paid),Dexter's Tech,India,https://in.linkedin.com/jobs/view/machine-learning-intern-paid-at-dexter-s-tech-4436396129,2026-07-02,2026-07-02T18:58:44
LinkedIn,Data Scientist,KANINI,"Chennai, Tamil Nadu, India",https://in.linkedin.com/jobs/view/data-scientist-at-kanini-4386537210,2026-03-16,2026-07-02T18:58:44
LinkedIn,SDE Intern (Founding Team) | AI x Developer Tools | Remote,Repowise,"Bengaluru, Karnataka, India",https://in.linkedin.com/jobs/view/sde-intern-founding-team-ai-x-developer-tools-remote-at-repowise-4432624024,2026-06-25,2026-07-02T18:58:44
LinkedIn,Machine Learning Intern,Webs IT Solution,India,https://in.linkedin.com/jobs/view/machine-learning-intern-at-webs-it-solution-4436325302,2026-07-02,2026-07-02T18:58:44
LinkedIn,SDE Intern,Oviguide,India,https://in.linkedin.com/jobs/view/sde-intern-at-oviguide-4428469938,2026-06-17,2026-07-02T18:58:44
LinkedIn,Python Developer,Virtusa,"Bangalore Urban, Karnataka, India",https://in.linkedin.com/jobs/view/python-developer-at-virtusa-4405554401,2026-06-11,2026-07-02T19:28:23
LinkedIn,Data Scientist-Artificial Intelligence,IBM,"Kochi, Kerala, India",https://in.linkedin.com/jobs/view/data-scientist-artificial-intelligence-at-ibm-4411579653,2026-06-26,2026-07-02T19:28:23
LinkedIn,Data Scientist,Gradera,"Hyderabad, Telangana, India",https://in.linkedin.com/jobs/view/data-scientist-at-gradera-4434233330,2026-06-27,2026-07-02T19:28:23
LinkedIn,Software Engineer Trainee,Genrobotics,"Thiruvananthapuram Taluk, India",https://in.linkedin.com/jobs/view/software-engineer-trainee-at-genrobotics-4419078060,2026-05-28,2026-07-02T19:28:23
LinkedIn,Backend & Systems Engineering Intern (SDE - Golang),Raptee.HV,"Chennai, Tamil Nadu, India",https://in.linkedin.com/jobs/view/backend-systems-engineering-intern-sde-golang-at-raptee-hv-4410410342,2026-05-07,2026-07-02T19:28:23
LinkedIn,Software Engineering Intern,Abhi Loans,"Delhi, India",https://in.linkedin.com/jobs/view/software-engineering-intern-at-abhi-loans-4435218071,2026-07-02,2026-07-02T19:28:23
LinkedIn,Software Developer Intern,MEL Systems and Services Ltd.,"Chennai, Tamil Nadu, India",https://in.linkedin.com/jobs/view/software-developer-intern-at-mel-systems-and-services-ltd-4317770784,2025-10-23,2026-07-02T19:28:23
LinkedIn,Engineer Intern,Reliance Retail,"Chennai, Tamil Nadu, India",https://in.linkedin.com/jobs/view/engineer-intern-at-reliance-retail-4415256564,2026-06-16,2026-07-02T19:28:23
LinkedIn,Software Engineer Intern,bluCognition,"Jaipur, Rajasthan, India",https://in.linkedin.com/jobs/view/software-engineer-intern-at-blucognition-4417470339,2026-06-19,2026-07-02T19:28:23
LinkedIn,1 year  Internship_SW_CDC,Qualcomm,"Chennai, Tamil Nadu, India",https://in.linkedin.com/jobs/view/1-year-internship-sw-cdc-at-qualcomm-4376091071,2026-06-11,2026-07-02T19:28:23
LinkedIn,Business Data Analyst,Google,"Bengaluru, Karnataka, India",https://in.linkedin.com/jobs/view/business-data-analyst-at-google-4426248394,2026-07-02,2026-07-03T02:10:19
LinkedIn,Python Developer,Wipro,"Bengaluru, Karnataka, India",https://in.linkedin.com/jobs/view/python-developer-at-wipro-4427192976,2026-06-11,2026-07-03T02:10:19
LinkedIn,Python Django Developer,Infosys,"Bengaluru East, Karnataka, India",https://in.linkedin.com/jobs/view/python-django-developer-at-infosys-4435532023,2026-07-01,2026-07-03T02:10:19
LinkedIn,Software Engineer Intern,Augle AI,"Pune Division, Maharashtra, India",https://in.linkedin.com/jobs/view/software-engineer-intern-at-augle-ai-4430696523,2026-06-27,2026-07-03T02:10:19
LinkedIn,Machine Learning Intern (Paid),Dexter's Tech,India,https://in.linkedin.com/jobs/view/machine-learning-intern-paid-at-dexter-s-tech-4436488138,2026-07-03,2026-07-03T08:52:24
LinkedIn,Software Engineer Intern,AI Startup Impact,India,https://in.linkedin.com/jobs/view/software-engineer-intern-at-ai-startup-impact-4435294618,2026-07-03,2026-07-03T08:52:24
LinkedIn,Machine Learning Intern,Webs IT Solution,India,https://in.linkedin.com/jobs/view/machine-learning-intern-at-webs-it-solution-4436412210,2026-07-02,2026-07-03T08:52:24
LinkedIn,Data Analyst,UST,"Kochi, Kerala, India",https://in.linkedin.com/jobs/view/data-analyst-at-ust-4426228013,2026-06-11,2026-07-03T13:47:31
LinkedIn,Python Developer,DecodeUp (P) Limited,"Chorasi, Gujarat, India",https://in.linkedin.com/jobs/view/python-developer-at-decodeup-p-limited-4287324800,2025-08-18,2026-07-03T13:47:31
LinkedIn,Python Developer,Empnéo ICT,"Kochi, Kerala, India",https://in.linkedin.com/jobs/view/python-developer-at-empn%C3%A9o-ict-4426041718,2026-06-10,2026-07-03T13:47:31
LinkedIn,Software Engineering INTERN,Microsoft,"Bihar, India",https://in.linkedin.com/jobs/view/software-engineering-intern-at-microsoft-4436735193,2026-07-03,2026-07-03T13:47:31
LinkedIn,Machine Learning Intern (Paid),Dexter's Tech,India,https://in.linkedin.com/jobs/view/machine-learning-intern-paid-at-dexter-s-tech-4436734582,2026-07-03,2026-07-03T13:47:31
LinkedIn,Machine Learning Intern,Webs IT Solution,India,https://in.linkedin.com/jobs/view/machine-learning-intern-at-webs-it-solution-4436709806,2026-07-03,2026-07-03T13:47:31
LinkedIn,Backend Developer Intern,Hancod,"Perintalmanna, Kerala, India",https://in.linkedin.com/jobs/view/backend-developer-intern-at-hancod-4435407941,2026-07-03,2026-07-03T13:47:31
LinkedIn,Portfolio Data Analyst (Coimbatore),Arcana,Greater Coimbatore Area,https://in.linkedin.com/jobs/view/portfolio-data-analyst-coimbatore-at-arcana-4383226757,2026-06-01,2026-07-03T19:06:24
LinkedIn,Full Stack Developer,Deloitte,"Bengaluru, Karnataka, India",https://in.linkedin.com/jobs/view/full-stack-developer-at-deloitte-4349600916,2026-05-08,2026-07-03T19:06:24
LinkedIn,Data Scientist,Trailytics AI,"Bhopal, Madhya Pradesh, India",https://in.linkedin.com/jobs/view/data-scientist-at-trailytics-ai-4435429451,2026-07-03,2026-07-03T19:06:24
LinkedIn,Data Scientist-Artificial Intelligence,IBM,"Kochi, Kerala, India",https://in.linkedin.com/jobs/view/data-scientist-artificial-intelligence-at-ibm-4432393426,2026-07-01,2026-07-03T19:06:24
LinkedIn,Data Scientist,HP,"Chennai, Tamil Nadu, India",https://in.linkedin.com/jobs/view/data-scientist-at-hp-4422351833,2026-06-05,2026-07-03T19:06:24
LinkedIn,Software Engineer Trainee - PHP/MYSQL,Unibros Technologies,"Chennai, Tamil Nadu, India",https://in.linkedin.com/jobs/view/software-engineer-trainee-php-mysql-at-unibros-technologies-4306119418,2025-09-30,2026-07-03T19:06:24
LinkedIn,Business Data Analyst,Google,"Hyderabad, Telangana, India",https://in.linkedin.com/jobs/view/business-data-analyst-at-google-4426242452,2026-07-02,2026-07-04T02:08:52
LinkedIn,Python Developer,Infosys,"Bengaluru East, Karnataka, India",https://in.linkedin.com/jobs/view/python-developer-at-infosys-4435285834,2026-07-03,2026-07-04T02:08:52
LinkedIn,Software Trainee Engineer,Siemens Healthineers,"Pune Division, Maharashtra, India",https://in.linkedin.com/jobs/view/software-trainee-engineer-at-siemens-healthineers-4433181872,2026-07-03,2026-07-04T02:08:52
LinkedIn,Machine Learning Intern (Paid),Dexter's Tech,India,https://in.linkedin.com/jobs/view/machine-learning-intern-paid-at-dexter-s-tech-4436941013,2026-07-04,2026-07-04T08:27:16
LinkedIn,Machine Learning Intern (Remote),MediNex Workforce,India,https://in.linkedin.com/jobs/view/machine-learning-intern-remote-at-medinex-workforce-4435465581,2026-07-03,2026-07-04T08:27:16
LinkedIn,Machine Learning Intern,Webs IT Solution,India,https://in.linkedin.com/jobs/view/machine-learning-intern-at-webs-it-solution-4436788552,2026-07-03,2026-07-04T08:27:16
LinkedIn,Data Analyst,Arcgate,"Udaipur, Rajasthan, India",https://in.linkedin.com/jobs/view/data-analyst-at-arcgate-4220217890,2025-05-02,2026-07-04T13:06:16
LinkedIn,Data Analyst,ARC Gate Private Limited,"Ajmer, Rajasthan, India",https://in.linkedin.com/jobs/view/data-analyst-at-arc-gate-private-limited-4433646996,2026-06-29,2026-07-04T13:06:16
LinkedIn,Trainee RWD Software Engineer,Gallagher,"Chandigarh, Chandigarh, India",https://in.linkedin.com/jobs/view/trainee-rwd-software-engineer-at-gallagher-4151673062,2026-06-26,2026-07-04T13:06:16
LinkedIn,Data Scientist,Lingaro,India,https://in.linkedin.com/jobs/view/data-scientist-at-lingaro-4426911742,2026-06-12,2026-07-04T13:06:16
LinkedIn,Senior Data Scientist I,Nielsen,"Bengaluru, Karnataka, India",https://in.linkedin.com/jobs/view/senior-data-scientist-i-at-nielsen-4418788933,2026-07-03,2026-07-04T13:06:16
LinkedIn,Intern - AI-Native Software Engineering,Chegg India,"Delhi, Delhi, India",https://in.linkedin.com/jobs/view/intern-ai-native-software-engineering-at-chegg-india-4429034421,2026-06-18,2026-07-04T13:06:16
LinkedIn,Data Scientist,SLB,"Pune Division, Maharashtra, India",https://in.linkedin.com/jobs/view/data-scientist-at-slb-4427853377,2026-06-18,2026-07-04T13:06:16
LinkedIn,Data Scientist,Colgate-Palmolive,Mumbai Metropolitan Region,https://in.linkedin.com/jobs/view/data-scientist-at-colgate-palmolive-4417050826,2026-07-01,2026-07-04T13:06:16
LinkedIn,Associate Data Scientist - Enterprise & Reporting,Circle K,"Gurugram, Haryana, India",https://in.linkedin.com/jobs/view/associate-data-scientist-enterprise-reporting-at-circle-k-4395998184,2026-07-04,2026-07-04T13:06:16
LinkedIn,Data Scientist,TEKsystems Global Services in India,"Bengaluru, Karnataka, India",https://in.linkedin.com/jobs/view/data-scientist-at-teksystems-global-services-in-india-4401719300,2026-06-11,2026-07-04T13:06:16
LinkedIn,Data Science Intern,BNP Paribas,Mumbai Metropolitan Region,https://in.linkedin.com/jobs/view/data-science-intern-at-bnp-paribas-4436910676,2026-07-04,2026-07-04T13:06:16
LinkedIn,Software Engineer Intern (AI/ML) - AI Powered Global Tech Venture (Fully Remote),SkillsCapital,India,https://in.linkedin.com/jobs/view/software-engineer-intern-ai-ml-ai-powered-global-tech-venture-fully-remote-at-skillscapital-4433733794,2026-07-04,2026-07-04T18:59:27
LinkedIn,Python Developer,Infosys,"Chennai, Tamil Nadu, India",https://in.linkedin.com/jobs/view/python-developer-at-infosys-4435286694,2026-07-03,2026-07-05T02:24:19
LinkedIn,Machine Learning Intern,ERIC Robotics,"Pune Division, Maharashtra, India",https://in.linkedin.com/jobs/view/machine-learning-intern-at-eric-robotics-4436976334,2026-06-09,2026-07-05T02:24:19
LinkedIn,Machine Learning Intern,Webs IT Solution,India,https://in.linkedin.com/jobs/view/machine-learning-intern-at-webs-it-solution-4436972136,2026-07-04,2026-07-05T02:24:19
LinkedIn,Backend Software Engineer - Trainee,Scoutit,"Delhi, India",https://in.linkedin.com/jobs/view/backend-software-engineer-trainee-at-scoutit-4435781545,2026-07-04,2026-07-05T08:43:54
LinkedIn,Backend Software Engineer - Trainee,Scoutit,"Gurugram, Haryana, India",https://in.linkedin.com/jobs/view/backend-software-engineer-trainee-at-scoutit-4435782501,2026-07-04,2026-07-05T08:43:54
LinkedIn,Backend Software Engineer - Trainee,Scoutit,"New Delhi, Delhi, India",https://in.linkedin.com/jobs/view/backend-software-engineer-trainee-at-scoutit-4435782502,2026-07-04,2026-07-05T08:43:54
LinkedIn,Backend Software Engineer - Trainee,Scoutit,"Noida, Uttar Pradesh, India",https://in.linkedin.com/jobs/view/backend-software-engineer-trainee-at-scoutit-4435776819,2026-07-04,2026-07-05T08:43:54
LinkedIn,Machine Learning Intern (Paid),Dexter's Tech,India,https://in.linkedin.com/jobs/view/machine-learning-intern-paid-at-dexter-s-tech-4437105022,2026-07-05,2026-07-05T13:15:07
LinkedIn,Machine Learning Intern,Webs IT Solution,India,https://in.linkedin.com/jobs/view/machine-learning-intern-at-webs-it-solution-4436990501,2026-07-05,2026-07-05T13:15:07
LinkedIn,Backend Software Engineer - Trainee,Scoutit,"Gurugram, Haryana, India",https://in.linkedin.com/jobs/view/backend-software-engineer-trainee-at-scoutit-4436044083,2026-07-05,2026-07-05T19:05:07
LinkedIn,Backend Software Engineer - Trainee,Scoutit,"Delhi, India",https://in.linkedin.com/jobs/view/backend-software-engineer-trainee-at-scoutit-4436035336,2026-07-05,2026-07-05T19:05:07
LinkedIn,Backend Software Engineer - Trainee,Scoutit,"New Delhi, Delhi, India",https://in.linkedin.com/jobs/view/backend-software-engineer-trainee-at-scoutit-4436036320,2026-07-05,2026-07-05T19:05:07
LinkedIn,Backend Software Engineer - Trainee,Scoutit,"Noida, Uttar Pradesh, India",https://in.linkedin.com/jobs/view/backend-software-engineer-trainee-at-scoutit-4436023905,2026-07-05,2026-07-05T19:05:07
LinkedIn,Python Developer,Smart WebTech,"Jamnagar, Gujarat, India",https://in.linkedin.com/jobs/view/python-developer-at-smart-webtech-4384391651,2026-03-11,2026-07-06T15:16:38
LinkedIn,Data Scientist,Emerson,"Chandigarh, Chandigarh, India",https://in.linkedin.com/jobs/view/data-scientist-at-emerson-4437157729,2026-07-06,2026-07-06T15:16:38
LinkedIn,Data Engineer,"Data, Policy and Innovation Centre (DPIC)","Bhubaneswar, Odisha, India",https://in.linkedin.com/jobs/view/data-engineer-at-data-policy-and-innovation-centre-dpic-4433554162,2026-06-26,2026-07-06T15:16:38
LinkedIn,Software Engineer Intern,Improva,"Coimbatore, Tamil Nadu, India",https://in.linkedin.com/jobs/view/software-engineer-intern-at-improva-4436078665,2026-07-06,2026-07-06T15:16:38
LinkedIn,Software Engineer- (Summer Internship)- India Engineering,Cisco,"Bengaluru, Karnataka, India",https://in.linkedin.com/jobs/view/software-engineer-summer-internship-india-engineering-at-cisco-4436366589,2026-07-02,2026-07-06T15:16:38
LinkedIn,Machine Learning Intern (Paid),Dexter's Tech,India,https://in.linkedin.com/jobs/view/machine-learning-intern-paid-at-dexter-s-tech-4437452268,2026-07-06,2026-07-06T19:45:22
LinkedIn,Software Engineer Intern,Policybazaar.com,"Gurugram, Haryana, India",https://in.linkedin.com/jobs/view/software-engineer-intern-at-policybazaar-com-4433933943,2026-07-06,2026-07-06T19:45:22
LinkedIn,Intern-Software Development,Evolute Group,"Mumbai, Maharashtra, India",https://in.linkedin.com/jobs/view/intern-software-development-at-evolute-group-4437189703,2026-07-06,2026-07-06T19:45:22
LinkedIn,Intern-Software Development,Evolute Group,"Mumbai, Maharashtra, India",https://in.linkedin.com/jobs/view/intern-software-development-at-evolute-group-4437191608,2026-07-06,2026-07-06T19:45:22
LinkedIn,Backend Software Engineer - Trainee,Scoutit,"Gurugram, Haryana, India",https://in.linkedin.com/jobs/view/backend-software-engineer-trainee-at-scoutit-4436087753,2026-07-06,2026-07-06T19:45:22
LinkedIn,Backend Software Engineer - Trainee,Scoutit,"Delhi, India",https://in.linkedin.com/jobs/view/backend-software-engineer-trainee-at-scoutit-4436085894,2026-07-06,2026-07-06T19:45:22
LinkedIn,Backend Software Engineer - Trainee,Scoutit,"Noida, Uttar Pradesh, India",https://in.linkedin.com/jobs/view/backend-software-engineer-trainee-at-scoutit-4436087752,2026-07-06,2026-07-06T19:45:22
LinkedIn,Backend Software Engineer - Trainee,Scoutit,"New Delhi, Delhi, India",https://in.linkedin.com/jobs/view/backend-software-engineer-trainee-at-scoutit-4436087754,2026-07-06,2026-07-06T19:45:22
LinkedIn,Data Analyst,Beinex,"Kochi, Kerala, India",https://in.linkedin.com/jobs/view/data-analyst-at-beinex-4436509660,2026-07-07,2026-07-07T09:28:21
LinkedIn,Data Analyst,Fireblaze AI School,"Ahmedabad, Gujarat, India",https://in.linkedin.com/jobs/view/data-analyst-at-fireblaze-ai-school-4436520579,2026-07-07,2026-07-07T09:28:21
LinkedIn,Python Developer,hackajob,"Bengaluru, Karnataka, India",https://in.linkedin.com/jobs/view/python-developer-at-hackajob-4406216776,2026-07-02,2026-07-07T09:28:21
LinkedIn,Machine Learning Intern Remote,MediNex Workforce,India,https://in.linkedin.com/jobs/view/machine-learning-intern-remote-at-medinex-workforce-4436519919,2026-07-07,2026-07-07T09:28:21
LinkedIn,Data Analyst - Power Transformer,Hitachi Energy,"Vadodara, Gujarat, India",https://in.linkedin.com/jobs/view/data-analyst-power-transformer-at-hitachi-energy-4437771276,2026-07-07,2026-07-07T14:12:36
LinkedIn,Machine Learning Intern,Webs IT Solution,India,https://in.linkedin.com/jobs/view/machine-learning-intern-at-webs-it-solution-4437456151,2026-07-06,2026-07-07T14:12:36
LinkedIn,Backend Software Engineer - Trainee,Scoutit,"Gurugram, Haryana, India",https://in.linkedin.com/jobs/view/backend-software-engineer-trainee-at-scoutit-4436542329,2026-07-07,2026-07-07T14:12:36
LinkedIn,Backend Software Engineer - Trainee,Scoutit,"New Delhi, Delhi, India",https://in.linkedin.com/jobs/view/backend-software-engineer-trainee-at-scoutit-4436535612,2026-07-07,2026-07-07T14:12:36
LinkedIn,Backend Software Engineer - Trainee,Scoutit,"Delhi, India",https://in.linkedin.com/jobs/view/backend-software-engineer-trainee-at-scoutit-4436530714,2026-07-07,2026-07-07T14:12:36
LinkedIn,Backend Software Engineer - Trainee,Scoutit,"Noida, Uttar Pradesh, India",https://in.linkedin.com/jobs/view/backend-software-engineer-trainee-at-scoutit-4436532653,2026-07-07,2026-07-07T14:12:36
LinkedIn,Consultant,ZoomRx,"Gurugram, Haryana, India",https://in.linkedin.com/jobs/view/consultant-at-zoomrx-4431224579,2026-06-23,2026-07-07T19:44:44
LinkedIn,Data Analyst,Arvind Limited,"Ahmedabad, Gujarat, India",https://in.linkedin.com/jobs/view/data-analyst-at-arvind-limited-4427544070,2026-06-11,2026-07-07T19:44:44
LinkedIn,Data Analyst,Rancture Labs,India,https://in.linkedin.com/jobs/view/data-analyst-at-rancture-labs-4437784993,2026-07-07,2026-07-07T19:44:44
LinkedIn,GCP Data Analyst,Virtusa,"Andhra Pradesh, India",https://in.linkedin.com/jobs/view/gcp-data-analyst-at-virtusa-4426428672,2026-07-07,2026-07-07T19:44:44
LinkedIn,Data Analyst,ACL Digital,"Mumbai, Maharashtra, India",https://in.linkedin.com/jobs/view/data-analyst-at-acl-digital-4426061298,2026-06-10,2026-07-07T19:44:44
LinkedIn,Sr. Data Analyst,Lenovo,"Bangalore Urban, Karnataka, India",https://in.linkedin.com/jobs/view/sr-data-analyst-at-lenovo-4409347177,2026-06-16,2026-07-07T19:44:44
LinkedIn,Data Analyst,VEGROW,"Bengaluru, Karnataka, India",https://in.linkedin.com/jobs/view/data-analyst-at-vegrow-4437193216,2026-07-06,2026-07-07T19:44:44
LinkedIn,Advanced Data Analyst,Honeywell Technologies,India,https://in.linkedin.com/jobs/view/advanced-data-analyst-at-honeywell-technologies-4435102255,2026-06-30,2026-07-07T19:44:44
LinkedIn,IT Internship,Procter & Gamble,Mumbai Metropolitan Region,https://in.linkedin.com/jobs/view/it-internship-at-procter-gamble-4434523389,2026-07-07,2026-07-07T19:44:44
LinkedIn,Intern,Pfizer,"Chennai, Tamil Nadu, India",https://in.linkedin.com/jobs/view/intern-at-pfizer-4432812104,2026-06-24,2026-07-07T19:44:44
LinkedIn,Backend Developer Intern,Hancod,"Perintalmanna, Kerala, India",https://in.linkedin.com/jobs/view/backend-developer-intern-at-hancod-4436594570,2026-07-07,2026-07-07T19:44:44
LinkedIn,Python Developer,Deqode,"Indore, Madhya Pradesh, India",https://in.linkedin.com/jobs/view/python-developer-at-deqode-4312288687,2025-10-15,2026-07-08T01:57:59
LinkedIn,Python Developer,unreconciled,"Kochi, Kerala, India",https://in.linkedin.com/jobs/view/python-developer-at-unreconciled-4437000978,2026-06-13,2026-07-08T08:12:21
LinkedIn,Software Developer - Intern,EMO.energy,"Bengaluru, Karnataka, India",https://in.linkedin.com/jobs/view/software-developer-intern-at-emo-energy-4437015391,2026-07-08,2026-07-08T08:12:21
LinkedIn,Machine Learning Intern,Webs IT Solution,India,https://in.linkedin.com/jobs/view/machine-learning-intern-at-webs-it-solution-4437877257,2026-07-07,2026-07-08T08:12:21
LinkedIn,Data Analyst,hackajob,"Bengaluru, Karnataka, India",https://in.linkedin.com/jobs/view/data-analyst-at-hackajob-4406225678,2026-07-01,2026-07-08T13:46:24
LinkedIn,Python Developer,Infosys,"Chennai, Tamil Nadu, India",https://in.linkedin.com/jobs/view/python-developer-at-infosys-4436057378,2026-07-06,2026-07-08T13:46:24
LinkedIn,SDET Intern,Automation Anywhere,"Bengaluru, Karnataka, India",https://in.linkedin.com/jobs/view/sdet-intern-at-automation-anywhere-4438189538,2026-07-08,2026-07-08T13:46:24
LinkedIn,Machine Learning Intern,Webs IT Solution,India,https://in.linkedin.com/jobs/view/machine-learning-intern-at-webs-it-solution-4438214208,2026-07-08,2026-07-08T13:46:24
LinkedIn,Data Analyst,Renesas Electronics,"Bengaluru, Karnataka, India",https://in.linkedin.com/jobs/view/data-analyst-at-renesas-electronics-4436701790,2026-07-03,2026-07-08T19:12:10
LinkedIn,Machine Learning Intern Remote,MediNex Workforce,India,https://in.linkedin.com/jobs/view/machine-learning-intern-remote-at-medinex-workforce-4437071597,2026-07-08,2026-07-08T19:12:10
LinkedIn,Data Analyst,hackajob,"Pune Division, Maharashtra, India",https://in.linkedin.com/jobs/view/data-analyst-at-hackajob-4429372439,2026-06-18,2026-07-09T02:10:56
LinkedIn,Python Developer,Infosys,"Bengaluru East, Karnataka, India",https://in.linkedin.com/jobs/view/python-developer-at-infosys-4437084832,2026-07-08,2026-07-09T02:10:56
LinkedIn,Software Developer Internship in Mohali,Innow8,"Sahibzada Ajit Singh Nagar, Punjab, India",https://in.linkedin.com/jobs/view/software-developer-internship-in-mohali-at-innow8-4429157841,2026-06-16,2026-07-09T02:10:56
LinkedIn,Software Development Intern - AIOPs,ThoughtData,India,https://in.linkedin.com/jobs/view/software-development-intern-aiops-at-thoughtdata-4437317429,2026-07-08,2026-07-09T09:25:10
LinkedIn,Software Engineer Intern (Django + ReactJS),Atom11,India,https://in.linkedin.com/jobs/view/software-engineer-intern-django-%2B-reactjs-at-atom11-4434830467,2026-07-09,2026-07-09T09:25:10
LinkedIn,IT.Intern,The Citco Group Limited,"Hyderabad, Telangana, India",https://in.linkedin.com/jobs/view/it-intern-at-the-citco-group-limited-4433980115,2026-07-06,2026-07-09T09:25:10
LinkedIn,Machine Learning Intern (Paid),Dexter's Tech,India,https://in.linkedin.com/jobs/view/machine-learning-intern-paid-at-dexter-s-tech-4438615963,2026-07-09,2026-07-09T14:37:43
LinkedIn,Software Intern-Frontend,Blue Ripples Technologies,"Thiruvananthapuram, Kerala, India",https://in.linkedin.com/jobs/view/software-intern-frontend-at-blue-ripples-technologies-4437393324,2026-07-09,2026-07-09T14:37:43
LinkedIn,"Business Analyst - Data Warehousing - Ahmedabad, India",Qatar Airways,Greater Ahmedabad Area,https://in.linkedin.com/jobs/view/business-analyst-data-warehousing-ahmedabad-india-at-qatar-airways-4437393352,2026-07-09,2026-07-09T19:26:15
LinkedIn,Data Scientist,Tata Consultancy Services,"Chennai, Tamil Nadu, India",https://in.linkedin.com/jobs/view/data-scientist-at-tata-consultancy-services-4437036102,2026-07-09,2026-07-09T19:26:15
LinkedIn,Software Developer Internship in Bangalore (Hybrid),Fango,"Bengaluru, Karnataka, India",https://in.linkedin.com/jobs/view/software-developer-internship-in-bangalore-hybrid-at-fango-4438844902,2026-07-10,2026-07-10T02:10:06
LinkedIn,Backend Software Engineer - Trainee,Scoutit,"Gurugram, Haryana, India",https://in.linkedin.com/jobs/view/backend-software-engineer-trainee-at-scoutit-4437393056,2026-07-09,2026-07-10T02:10:06
LinkedIn,Backend Software Engineer - Trainee,Scoutit,"New Delhi, Delhi, India",https://in.linkedin.com/jobs/view/backend-software-engineer-trainee-at-scoutit-4437385255,2026-07-09,2026-07-10T02:10:06
LinkedIn,Backend Software Engineer - Trainee,Scoutit,"Delhi, India",https://in.linkedin.com/jobs/view/backend-software-engineer-trainee-at-scoutit-4437383372,2026-07-09,2026-07-10T02:10:06
LinkedIn,Backend Software Engineer - Trainee,Scoutit,"Noida, Uttar Pradesh, India",https://in.linkedin.com/jobs/view/backend-software-engineer-trainee-at-scoutit-4437386214,2026-07-09,2026-07-10T02:10:06
LinkedIn,"Software Engineer, Intern",Stripe,"Bengaluru, Karnataka, India",https://in.linkedin.com/jobs/view/software-engineer-intern-at-stripe-4439021399,2026-07-10,2026-07-10T09:21:58
LinkedIn,Software Engineering & AI Technology Intern,DATAMAZE . AI,"Tirumalgiri, Telangana, India",https://in.linkedin.com/jobs/view/software-engineering-ai-technology-intern-at-datamaze-ai-4439043901,2026-07-10,2026-07-10T14:05:12
LinkedIn,SDE Intern,Expound Technivo,"Mumbai, Maharashtra, India",https://in.linkedin.com/jobs/view/sde-intern-at-expound-technivo-4437993177,2026-07-10,2026-07-10T14:05:12
LinkedIn,Machine Learning Intern (Paid),Dexter's Tech,India,https://in.linkedin.com/jobs/view/machine-learning-intern-paid-at-dexter-s-tech-4439083422,2026-07-10,2026-07-10T14:05:12
LinkedIn,Machine Learning Intern,Lane,"Bengaluru, Karnataka, India",https://in.linkedin.com/jobs/view/machine-learning-intern-at-lane-4435985676,2026-07-10,2026-07-10T14:05:12
LinkedIn,Data Analyst,EaseMyTrip.com,India,https://in.linkedin.com/jobs/view/data-analyst-at-easemytrip-com-4434545405,2026-07-07,2026-07-10T19:18:25
LinkedIn,Python Backend Developer,Avinyaa Ed Tech Private Limited,"Surat, Gujarat, India",https://in.linkedin.com/jobs/view/python-backend-developer-at-avinyaa-ed-tech-private-limited-4434850065,2026-07-08,2026-07-10T19:18:25
LinkedIn,Software Developer Intern,InfiniTechX Technologies Pvt Ltd,"Tiruchirappalli, Tamil Nadu, India",https://in.linkedin.com/jobs/view/software-developer-intern-at-infinitechx-technologies-pvt-ltd-4437981963,2026-07-10,2026-07-10T19:18:25
LinkedIn,Software Engineer Intern,ASPIRE IITB Research Park Foundation,"Mumbai, Maharashtra, India",https://in.linkedin.com/jobs/view/software-engineer-intern-at-aspire-iitb-research-park-foundation-4437961573,2026-07-10,2026-07-10T19:18:25
LinkedIn,Data Analyst,Aloola.io,"Surat, Gujarat, India",https://in.linkedin.com/jobs/view/data-analyst-at-aloola-io-4439379475,2026-07-10,2026-07-11T01:56:24
LinkedIn,Python Developer,Infosys,"Hyderabad, Telangana, India",https://in.linkedin.com/jobs/view/python-developer-at-infosys-4437060170,2026-07-08,2026-07-11T01:56:24
LinkedIn,Software Developer Intern (Python),Jobs Opportunity,"Hyderabad, Telangana, India",https://in.linkedin.com/jobs/view/software-developer-intern-python-at-jobs-opportunity-4439361819,2026-07-10,2026-07-11T07:43:17
LinkedIn,Machine Learning Intern,Jobs Opportunity,"Bengaluru, Karnataka, India",https://in.linkedin.com/jobs/view/machine-learning-intern-at-jobs-opportunity-4439364678,2026-07-10,2026-07-11T07:43:17
LinkedIn,Software Engineer Intern (Web & Mobile),Lascade,"Kochi, Kerala, India",https://in.linkedin.com/jobs/view/software-engineer-intern-web-mobile-at-lascade-4436646379,2026-07-11,2026-07-11T07:43:17
LinkedIn,"Analyst-Data Analytics (Python, SQL, Gen AI)",American Express,"Gurugram, Haryana, India",https://in.linkedin.com/jobs/view/analyst-data-analytics-python-sql-gen-ai-at-american-express-4437978853,2026-07-10,2026-07-12T01:59:32
LinkedIn,Python Developer,Capco,"Bengaluru, Karnataka, India",https://in.linkedin.com/jobs/view/python-developer-at-capco-4432163187,2026-06-25,2026-07-12T13:01:43
LinkedIn,Jr. Python Developer,Zensar Technologies,"Pune Division, Maharashtra, India",https://in.linkedin.com/jobs/view/jr-python-developer-at-zensar-technologies-4433683153,2026-06-29,2026-07-12T18:54:39
LinkedIn,Machine Learning Intern,Dexter's Tech,India,https://in.linkedin.com/jobs/view/machine-learning-intern-at-dexter-s-tech-4439727479,2026-07-12,2026-07-13T02:01:24
LinkedIn,Junior Software Developer – Internship Remote,MediNex Workforce,India,https://in.linkedin.com/jobs/view/junior-software-developer-%E2%80%93-internship-remote-at-medinex-workforce-4439109062,2026-07-12,2026-07-13T02:01:24
LinkedIn,Python Developer,Adroit India,"Hyderabad, Telangana, India",https://in.linkedin.com/jobs/view/python-developer-at-adroit-india-4437240344,2026-07-13,2026-07-13T08:54:26
LinkedIn,Data Analyst,Aditya Birla Capital,"Maharashtra, India",https://in.linkedin.com/jobs/view/data-analyst-at-aditya-birla-capital-4437461726,2026-07-06,2026-07-13T14:17:00
LinkedIn,Software Development Intern - Next gen Developer (3-6 Months),SwishX,Greater Bengaluru Area,https://in.linkedin.com/jobs/view/software-development-intern-next-gen-developer-3-6-months-at-swishx-4437272711,2026-07-13,2026-07-13T14:17:00
LinkedIn,Software Engineer Intern,Learn2Read,"Jaipur, Rajasthan, India",https://in.linkedin.com/jobs/view/software-engineer-intern-at-learn2read-4437273787,2026-07-13,2026-07-13T14:17:00
LinkedIn,Python Django Developer,Infosys,"Bengaluru East, Karnataka, India",https://in.linkedin.com/jobs/view/python-django-developer-at-infosys-4438946451,2026-07-11,2026-07-13T19:15:43
LinkedIn,Python Developer,Infosys,"Chennai, Tamil Nadu, India",https://in.linkedin.com/jobs/view/python-developer-at-infosys-4438987994,2026-07-12,2026-07-14T01:47:53
LinkedIn,Machine Learning Intern,Dexter's Tech,India,https://in.linkedin.com/jobs/view/machine-learning-intern-at-dexter-s-tech-4440511193,2026-07-14,2026-07-14T13:15:19
LinkedIn,Internship For Software Engineers - Freshers,Faveo,"Dharmapuri, Telangana, India",https://in.linkedin.com/jobs/view/internship-for-software-engineers-freshers-at-faveo-4439815774,2026-06-19,2026-07-14T13:15:19
LinkedIn,Summer 2027 Intern - Software Engineer,Salesforce,"Bengaluru, Karnataka, India",https://in.linkedin.com/jobs/view/summer-2027-intern-software-engineer-at-salesforce-4440553427,2026-07-14,2026-07-14T13:15:19
LinkedIn,Software Engineer Intern,AI Startup Impact,India,https://in.linkedin.com/jobs/view/software-engineer-intern-at-ai-startup-impact-4439816370,2026-07-14,2026-07-14T13:15:19
LinkedIn,India: Intern/Trainee (Software Engineer),H&P,"Taleigao, Goa, India",https://in.linkedin.com/jobs/view/india-intern-trainee-software-engineer-at-h-p-4439837315,2026-07-14,2026-07-14T19:06:54
LinkedIn,Healthcare_ Data Analyst_Q2,Infosys,"Bengaluru East, Karnataka, India",https://in.linkedin.com/jobs/view/healthcare-data-analyst-q2-at-infosys-4438949379,2026-07-11,2026-07-15T01:44:51
LinkedIn,Software Engineer Intern,LeapHealth,"Bangalore Urban, Karnataka, India",https://in.linkedin.com/jobs/view/software-engineer-intern-at-leaphealth-4437698708,2026-07-14,2026-07-15T01:44:51
LinkedIn,India: Intern/Trainee (Software Engineer),H&P,"Taleigao, Goa, India",https://in.linkedin.com/jobs/view/india-intern-trainee-software-engineer-at-h-p-4439830452,2026-07-14,2026-07-15T07:54:06
LinkedIn,Data Analyst,MARMA AI,"Nagpur, Maharashtra, India",https://in.linkedin.com/jobs/view/data-analyst-at-marma-ai-4438003712,2026-07-14,2026-07-15T13:19:20
LinkedIn,Senior Data Analyst,MARMA AI,"Nagpur, Maharashtra, India",https://in.linkedin.com/jobs/view/senior-data-analyst-at-marma-ai-4438050807,2026-07-15,2026-07-15T13:19:20
LinkedIn,Data Scientist,vConstruct Private Limited,"Nagpur, Maharashtra, India",https://in.linkedin.com/jobs/view/data-scientist-at-vconstruct-private-limited-4440216543,2026-07-15,2026-07-15T13:19:20
LinkedIn,Software Developer Engg-Intern,Philips,"Bengaluru, Karnataka, India",https://in.linkedin.com/jobs/view/software-developer-engg-intern-at-philips-4440202743,2026-07-15,2026-07-15T13:19:20
LinkedIn,Software Developer Internship,Originpay,"Roorkee, Uttarakhand, India",https://in.linkedin.com/jobs/view/software-developer-internship-at-originpay-4438065903,2026-07-15,2026-07-15T13:19:20
LinkedIn,Python Developer,Emerald Jewel Industry India Limited,"Coimbatore, Tamil Nadu, India",https://in.linkedin.com/jobs/view/python-developer-at-emerald-jewel-industry-india-limited-4437022808,2026-07-08,2026-07-15T18:59:13
LinkedIn,Data Analyst @ Amritapuri,Amrita Vishwa Vidyapeetham,"Kollam, India",https://in.linkedin.com/jobs/view/data-analyst-%40-amritapuri-at-amrita-vishwa-vidyapeetham-4438433352,2026-07-15,2026-07-16T01:54:04
LinkedIn,Junior Python Developer,StatusNeo,India,https://in.linkedin.com/jobs/view/junior-python-developer-at-statusneo-4439821124,2026-07-14,2026-07-16T01:54:04
LinkedIn,Python with ADB,Capgemini,"Hyderabad, Telangana, India",https://in.linkedin.com/jobs/view/python-with-adb-at-capgemini-4439789201,2026-07-13,2026-07-16T01:54:04
LinkedIn,Python Developer,Euphoric Thought Technologies Pvt. Ltd.,"Noida, Uttar Pradesh, India",https://in.linkedin.com/jobs/view/python-developer-at-euphoric-thought-technologies-pvt-ltd-4438003066,2026-07-14,2026-07-16T01:54:04
LinkedIn,Machine Learning Intern,Dexter's Tech,India,https://in.linkedin.com/jobs/view/machine-learning-intern-at-dexter-s-tech-4441242895,2026-07-15,2026-07-16T01:54:04
LinkedIn,Junior Software Developer – Internship Remote,MediNex Workforce,India,https://in.linkedin.com/jobs/view/junior-software-developer-%E2%80%93-internship-remote-at-medinex-workforce-4440262384,2026-07-15,2026-07-16T01:54:04
LinkedIn,Intern-Software,NCR Voyix,"Chennai, Tamil Nadu, India",https://in.linkedin.com/jobs/view/intern-software-at-ncr-voyix-4440963656,2026-07-15,2026-07-16T07:59:25
LinkedIn,Udaan - Data Analyst,Myntra,"Bengaluru, Karnataka, India",https://in.linkedin.com/jobs/view/udaan-data-analyst-at-myntra-4440652941,2026-07-16,2026-07-16T13:26:10
LinkedIn,Data Analyst,Policybazaar.com,"Gurugram, Haryana, India",https://in.linkedin.com/jobs/view/data-analyst-at-policybazaar-com-4437688000,2026-07-14,2026-07-16T13:26:10
LinkedIn,Data Analyst - Hotels,MakeMyTrip,"Gurugram, Haryana, India",https://in.linkedin.com/jobs/view/data-analyst-hotels-at-makemytrip-4440922768,2026-07-15,2026-07-16T13:26:10
LinkedIn,Python Developer,Infosys,"Bengaluru East, Karnataka, India",https://in.linkedin.com/jobs/view/python-developer-at-infosys-4439959297,2026-07-15,2026-07-16T13:26:10
LinkedIn,Python Developer,eSoftech Inc.,"Kakori, Uttar Pradesh, India",https://in.linkedin.com/jobs/view/python-developer-at-esoftech-inc-4441298571,2026-07-16,2026-07-16T18:59:27
LinkedIn,Machine Learning Intern,Dexter's Tech,India,https://in.linkedin.com/jobs/view/machine-learning-intern-at-dexter-s-tech-4441614565,2026-07-16,2026-07-16T18:59:27
LinkedIn,Machine Learning Intern,Novixpert Tech Inc.,"Jaipur, Rajasthan, India",https://in.linkedin.com/jobs/view/machine-learning-intern-at-novixpert-tech-inc-4440676866,2026-07-16,2026-07-16T18:59:27
LinkedIn,Intern-Software,NCR Voyix,"Chennai, Tamil Nadu, India",https://in.linkedin.com/jobs/view/intern-software-at-ncr-voyix-4440975176,2026-07-15,2026-07-16T18:59:27
LinkedIn,Software Engineering Intern,Starling Services LLC,"Chennai, Tamil Nadu, India",https://in.linkedin.com/jobs/view/software-engineering-intern-at-starling-services-llc-4441440422,2026-07-16,2026-07-16T18:59:27
LinkedIn,Junior Software Developer – Internship Remote,MediNex Workforce,India,https://in.linkedin.com/jobs/view/junior-software-developer-%E2%80%93-internship-remote-at-medinex-workforce-4440786088,2026-07-16,2026-07-17T01:58:20
LinkedIn,Python Developer,Guava Trees Softech Private Limited,"Bhopal, Madhya Pradesh, India",https://in.linkedin.com/jobs/view/python-developer-at-guava-trees-softech-private-limited-4441946422,2026-07-17,2026-07-17T07:55:57
LinkedIn,Data Scientist,Strydo Technologies,"Vellore, Tamil Nadu, India",https://in.linkedin.com/jobs/view/data-scientist-at-strydo-technologies-4440641678,2026-07-16,2026-07-17T07:55:57
LinkedIn,Apprentice - 1,VIAVI Solutions,"Chennai, Tamil Nadu, India",https://in.linkedin.com/jobs/view/apprentice-1-at-viavi-solutions-4440649861,2026-07-16,2026-07-17T07:55:57
LinkedIn,Machine Learning Intern,Dexter's Tech,India,https://in.linkedin.com/jobs/view/machine-learning-intern-at-dexter-s-tech-4441936216,2026-07-17,2026-07-17T13:11:10
LinkedIn,Software Engineer Intern,AI Startup Impact,India,https://in.linkedin.com/jobs/view/software-engineer-intern-at-ai-startup-impact-4441153038,2026-07-17,2026-07-17T13:11:10
LinkedIn,Software Developer – Internship (Remote),MediNex Workforce,India,https://in.linkedin.com/jobs/view/software-developer-%E2%80%93-internship-remote-at-medinex-workforce-4441345215,2026-07-17,2026-07-17T18:56:30
LinkedIn,Python GenAI developer,Deloitte,"Gurugram, Haryana, India",https://in.linkedin.com/jobs/view/python-genai-developer-at-deloitte-4438099810,2026-07-15,2026-07-18T01:47:50
LinkedIn,Software Engineer Intern (Night Shift),Mervix Technology Private Limited,"Coimbatore, Tamil Nadu, India",https://in.linkedin.com/jobs/view/software-engineer-intern-night-shift-at-mervix-technology-private-limited-4441303827,2026-07-17,2026-07-18T01:47:50
LinkedIn,Data Analyst,Ecolab,Pune/Pimpri-Chinchwad Area,https://in.linkedin.com/jobs/view/data-analyst-at-ecolab-4424182705,2026-06-26,2026-07-18T07:31:07
LinkedIn,"Data Associate, GROCERY ECO",Amazon,"Hyderabad, Telangana, India",https://in.linkedin.com/jobs/view/data-associate-grocery-eco-at-amazon-4441219872,2026-07-15,2026-07-18T07:31:07
LinkedIn,Data Analyst - MIS,The Souled Store,"Mumbai, Maharashtra, India",https://in.linkedin.com/jobs/view/data-analyst-mis-at-the-souled-store-4430055762,2026-06-20,2026-07-18T07:31:07
LinkedIn,Data & Insights Analyst,Ecomm-Inroads,India,https://in.linkedin.com/jobs/view/data-insights-analyst-at-ecomm-inroads-4407386567,2026-04-30,2026-07-18T07:31:07
LinkedIn,Data Analyst,Hitachi Energy,"Chennai, Tamil Nadu, India",https://in.linkedin.com/jobs/view/data-analyst-at-hitachi-energy-4441605491,2026-07-16,2026-07-18T07:31:07
LinkedIn,Data Analyst (SQL / Python) | $15/hr Remote,Crossing Hurdles,India,https://in.linkedin.com/jobs/view/data-analyst-sql-python-%2415-hr-remote-at-crossing-hurdles-4415195129,2026-06-26,2026-07-18T07:31:07
LinkedIn,Data Associate,Arcana,Greater Coimbatore Area,https://in.linkedin.com/jobs/view/data-associate-at-arcana-4382240701,2026-06-01,2026-07-18T07:31:07
LinkedIn,Data Analyst + PowerBI,Tata Consultancy Services,"Bengaluru, Karnataka, India",https://in.linkedin.com/jobs/view/data-analyst-%2B-powerbi-at-tata-consultancy-services-4429642375,2026-06-19,2026-07-18T07:31:07
LinkedIn,Machine Learning Intern,Sustainability Economics.ai,"Bengaluru, Karnataka, India",https://in.linkedin.com/jobs/view/machine-learning-intern-at-sustainability-economics-ai-4439297509,2026-07-18,2026-07-18T07:31:07
LinkedIn,Machine Learning Intern,Dexter's Tech,India,https://in.linkedin.com/jobs/view/machine-learning-intern-at-dexter-s-tech-4442436460,2026-07-18,2026-07-18T07:31:07
LinkedIn,Software Engineer Intern,AI Startup Impact,India,https://in.linkedin.com/jobs/view/software-engineer-intern-at-ai-startup-impact-4441396590,2026-07-18,2026-07-18T07:31:07
LinkedIn,Intern-Software,NCR Voyix,"Chennai, Tamil Nadu, India",https://in.linkedin.com/jobs/view/intern-software-at-ncr-voyix-4440979103,2026-07-15,2026-07-18T07:31:07
LinkedIn,Software Development Engineer Intern,Qulus,"Chennai, Tamil Nadu, India",https://in.linkedin.com/jobs/view/software-development-engineer-intern-at-qulus-4441713401,2026-07-18,2026-07-18T07:31:07
LinkedIn,Python Gen AI Developer,Infosys,"Bengaluru East, Karnataka, India",https://in.linkedin.com/jobs/view/python-gen-ai-developer-at-infosys-4436806212,2026-07-07,2026-07-18T12:57:11
LinkedIn,Machine Learning Intern,Dexter's Tech,India,https://in.linkedin.com/jobs/view/machine-learning-intern-at-dexter-s-tech-4442431989,2026-07-18,2026-07-18T12:57:11
LinkedIn,Software Developer – Internship (Remote),MediNex Workforce,India,https://in.linkedin.com/jobs/view/software-developer-%E2%80%93-internship-remote-at-medinex-workforce-4441716812,2026-07-18,2026-07-18T12:57:11
LinkedIn,Data Analyst,Airtel Digital,"Gurugram, Haryana, India",https://in.linkedin.com/jobs/view/data-analyst-at-airtel-digital-4438781933,2026-07-17,2026-07-19T01:57:11
LinkedIn,Healthcare_ Data Analyst_Q2,Infosys,"Bengaluru East, Karnataka, India",https://in.linkedin.com/jobs/view/healthcare-data-analyst-q2-at-infosys-4440782771,2026-07-16,2026-07-19T01:57:11
LinkedIn,Python Developer,Infosys,"Chennai, Tamil Nadu, India",https://in.linkedin.com/jobs/view/python-developer-at-infosys-4441341570,2026-07-17,2026-07-19T01:57:11
LinkedIn,Apprentice - 2,VIAVI Solutions,"Chennai, Tamil Nadu, India",https://in.linkedin.com/jobs/view/apprentice-2-at-viavi-solutions-4440654557,2026-07-16,2026-07-19T01:57:11
LinkedIn,Intern-Software,NCR Voyix,"Chennai, Tamil Nadu, India",https://in.linkedin.com/jobs/view/intern-software-at-ncr-voyix-4440970370,2026-07-15,2026-07-19T01:57:11
LinkedIn,Software Engineering Intern,Jobgenix,"Bengaluru, Karnataka, India",https://in.linkedin.com/jobs/view/software-engineering-intern-at-jobgenix-4439632653,2026-07-19,2026-07-19T08:03:20
LinkedIn,Software Engineer Intern,AI Startup Impact,India,https://in.linkedin.com/jobs/view/software-engineer-intern-at-ai-startup-impact-4441770149,2026-07-19,2026-07-19T08:03:20
LinkedIn,Data Analyst,Harrier Information Systems,"Nagpur, Maharashtra, India",https://in.linkedin.com/jobs/view/data-analyst-at-harrier-information-systems-4439667531,2026-07-19,2026-07-19T12:59:41
LinkedIn,Machine Learning Intern,Dexter's Tech,India,https://in.linkedin.com/jobs/view/machine-learning-intern-at-dexter-s-tech-4442517541,2026-07-19,2026-07-19T12:59:41
LinkedIn,Machine Learning Intern,MediNex Workforce,India,https://in.linkedin.com/jobs/view/machine-learning-intern-at-medinex-workforce-4441787053,2026-07-19,2026-07-19T12:59:41
LinkedIn,Software Engineer Intern,Enigma Genomics,India,https://in.linkedin.com/jobs/view/software-engineer-intern-at-enigma-genomics-4441770833,2026-07-19,2026-07-19T12:59:41
LinkedIn,Python Backend Developer,Infosys,"Bengaluru East, Karnataka, India",https://in.linkedin.com/jobs/view/python-backend-developer-at-infosys-4441386703,2026-07-18,2026-07-20T02:12:48
LinkedIn,Backend Engineer (Python / TypeScript),Avihs,"Bhubaneswar, Odisha, India",https://in.linkedin.com/jobs/view/backend-engineer-python-typescript-at-avihs-4437276715,2026-07-20,2026-07-20T19:28:25
LinkedIn,Data Analyst (Fulltime & Freelance),Boonmee Lab,"Ajmer, Rajasthan, India",https://in.linkedin.com/jobs/view/data-analyst-fulltime-freelance-at-boonmee-lab-4440190594,2026-07-20,2026-07-21T01:56:31
LinkedIn,Data Quality Analyst,Oceaneering,"Chandigarh, Chandigarh, India",https://in.linkedin.com/jobs/view/data-quality-analyst-at-oceaneering-4443319070,2026-07-21,2026-07-21T08:12:03
LinkedIn,Data Analyst,Beinex,"Kochi, Kerala, India",https://in.linkedin.com/jobs/view/data-analyst-at-beinex-4440421275,2026-07-21,2026-07-21T08:12:03
LinkedIn,Machine Learning Intern,MediNex Workforce,India,https://in.linkedin.com/jobs/view/machine-learning-intern-at-medinex-workforce-4443312447,2026-07-21,2026-07-21T08:12:03
LinkedIn,Software Engineering Intern (6 months),FiduraAI,"Bengaluru, Karnataka, India",https://in.linkedin.com/jobs/view/software-engineering-intern-6-months-at-fiduraai-4442054966,2026-07-20,2026-07-21T08:12:03
LinkedIn,Software Engineer Intern,Friday Media Tech India (fmg),"Bengaluru, Karnataka, India",https://in.linkedin.com/jobs/view/software-engineer-intern-at-friday-media-tech-india-fmg-4443051808,2026-07-21,2026-07-21T08:12:03
LinkedIn,Python Developer,Infosys,"Hyderabad, Telangana, India",https://in.linkedin.com/jobs/view/python-developer-at-infosys-4441743376,2026-07-18,2026-07-21T13:21:33
LinkedIn,Software Developer,Adani Enterprises Limited,"Ahmedabad, Gujarat, India",https://in.linkedin.com/jobs/view/software-developer-at-adani-enterprises-limited-4440010830,2026-07-13,2026-07-21T13:21:33
LinkedIn,Data Scientist,KeyValue,"Kochi, Kerala, India",https://in.linkedin.com/jobs/view/data-scientist-at-keyvalue-4443340171,2026-07-21,2026-07-21T19:06:59
LinkedIn,Data Scientist II,SteerLean Consulting,"Jajpur, Odisha, India",https://in.linkedin.com/jobs/view/data-scientist-ii-at-steerlean-consulting-4443708081,2026-07-22,2026-07-22T01:55:18
LinkedIn,Intern - Backend Engineering (Backend + DevOps),Entropik,"Chennai, Tamil Nadu, India",https://in.linkedin.com/jobs/view/intern-backend-engineering-backend-%2B-devops-at-entropik-4442635422,2026-07-21,2026-07-22T01:55:18
LinkedIn,"Software Development Engineering (Web) Internship in Mumbai, Navi Mumbai, Thane",Openleaf,Mumbai Metropolitan Region,https://in.linkedin.com/jobs/view/software-development-engineering-web-internship-in-mumbai-navi-mumbai-thane-at-openleaf-4443595586,2026-07-22,2026-07-22T01:55:18
LinkedIn,Data Analist,Colosseus,"Ajmer, Rajasthan, India",https://in.linkedin.com/jobs/view/data-analist-at-colosseus-4443334367,2026-07-21,2026-07-22T08:12:20
LinkedIn,Python Backend Developer,Infosys,"Bengaluru East, Karnataka, India",https://in.linkedin.com/jobs/view/python-backend-developer-at-infosys-4442218570,2026-07-20,2026-07-22T08:12:20
LinkedIn,Software Engineer Intern,16 Alpha,"New Delhi, Delhi, India",https://in.linkedin.com/jobs/view/software-engineer-intern-at-16-alpha-4442987544,2026-07-22,2026-07-22T08:12:20
LinkedIn,Healthcare_ Data Analyst_Q2,Infosys,"Bengaluru East, Karnataka, India",https://in.linkedin.com/jobs/view/healthcare-data-analyst-q2-at-infosys-4442207930,2026-07-20,2026-07-22T13:25:45
LinkedIn,Software Engineer Trainee,Terralogic,Greater Bengaluru Area,https://in.linkedin.com/jobs/view/software-engineer-trainee-at-terralogic-4443794117,2026-07-22,2026-07-22T13:25:45
LinkedIn,Machine Learning Intern,MediNex Workforce,India,https://in.linkedin.com/jobs/view/machine-learning-intern-at-medinex-workforce-4443134218,2026-07-22,2026-07-22T13:25:45
LinkedIn,Data Analyst | SQL & Python | Bangalore | Immediate joiner,Bandhan Technologies,"Bengaluru, Karnataka, India",https://in.linkedin.com/jobs/view/data-analyst-sql-python-bangalore-immediate-joiner-at-bandhan-technologies-4442093611,2026-07-20,2026-07-23T02:03:11
LinkedIn,Data Analyst,Tata Steel Foundation,"Odisha, India",https://in.linkedin.com/jobs/view/data-analyst-at-tata-steel-foundation-4440409812,2026-07-21,2026-07-23T02:03:11
LinkedIn,Python Django Developer,Infosys,"Bengaluru East, Karnataka, India",https://in.linkedin.com/jobs/view/python-django-developer-at-infosys-4442224356,2026-07-20,2026-07-23T02:03:11
LinkedIn,Software Engineer_Backend_Python,Lowe's India,"Bengaluru, Karnataka, India",https://in.linkedin.com/jobs/view/software-engineer-backend-python-at-lowe-s-india-4442619148,2026-07-21,2026-07-23T02:03:11
LinkedIn,"Software Development Engineering (Web) Internship in Navi Mumbai, Mumbai, Thane",Openleaf,Mumbai Metropolitan Region,https://in.linkedin.com/jobs/view/software-development-engineering-web-internship-in-navi-mumbai-mumbai-thane-at-openleaf-4443595586,2026-07-22,2026-07-23T02:03:11
LinkedIn,Data Analyst,Headout,"Bengaluru, Karnataka, India",https://in.linkedin.com/jobs/view/data-analyst-at-headout-4436513787,2026-07-07,2026-07-23T08:15:49
LinkedIn,Trainee Software Developer,Esquare Biztech Solutions Pvt. Ltd.,"Surat, Gujarat, India",https://in.linkedin.com/jobs/view/trainee-software-developer-at-esquare-biztech-solutions-pvt-ltd-4431577877,2026-06-30,2026-07-23T08:15:49
LinkedIn,Software Development Intern,Tridiagonal Software Inc.,"Pune Division, Maharashtra, India",https://in.linkedin.com/jobs/view/software-development-intern-at-tridiagonal-software-inc-4444213052,2026-07-22,2026-07-23T08:15:49
LinkedIn,Business Data Analyst,Beyond Data Group,"Ajmer, Rajasthan, India",https://in.linkedin.com/jobs/view/business-data-analyst-at-beyond-data-group-4443914646,2026-07-22,2026-07-23T13:29:39
LinkedIn,SWE Intern,TurboHire,"Hyderabad, Telangana, India",https://in.linkedin.com/jobs/view/swe-intern-at-turbohire-4444456039,2026-07-23,2026-07-23T19:03:04
LinkedIn,Software Developer Intern,Mathlab Institute,"Kochi, Kerala, India",https://in.linkedin.com/jobs/view/software-developer-intern-at-mathlab-institute-4439229357,2026-07-17,2026-07-23T19:03:04
LinkedIn,SDE Intern,HireDue,Greater Bengaluru Area,https://in.linkedin.com/jobs/view/sde-intern-at-hiredue-4444718302,2026-07-23,2026-07-24T01:58:38
LinkedIn,"Software Development Engineering (Web) Internship in Mumbai, Thane, Navi Mumbai",Openleaf,Mumbai Metropolitan Region,https://in.linkedin.com/jobs/view/software-development-engineering-web-internship-in-mumbai-thane-navi-mumbai-at-openleaf-4443595586,2026-07-22,2026-07-24T01:58:38
LinkedIn,Software Engineer Intern,NEXTHIRE,India,https://in.linkedin.com/jobs/view/software-engineer-intern-at-nexthire-4443133342,2026-07-22,2026-07-24T08:11:54
LinkedIn,Analyst - Python,KPMG India,"Gurgaon, Haryana, India",https://in.linkedin.com/jobs/view/analyst-python-at-kpmg-india-4444406228,2026-07-23,2026-07-24T13:21:49
LinkedIn,Python REST API Developer,Texplorers Inc,"Hyderabad, Telangana, India",https://in.linkedin.com/jobs/view/python-rest-api-developer-at-texplorers-inc-4440869662,2026-07-15,2026-07-24T13:21:49
LinkedIn,Software Engineering Intern,Red Hat,"Bengaluru, Karnataka, India",https://in.linkedin.com/jobs/view/software-engineering-intern-at-red-hat-4444351407,2026-07-24,2026-07-24T19:15:09
LinkedIn,Software Engineering Intern,Red Hat,"Pune Division, Maharashtra, India",https://in.linkedin.com/jobs/view/software-engineering-intern-at-red-hat-4444342572,2026-07-24,2026-07-24T19:15:09
LinkedIn,Python Developer,BUSINESS PROCESS MANAGEMENT,"Mumbai, Maharashtra, India",https://in.linkedin.com/jobs/view/python-developer-at-business-process-management-4442512139,2026-07-19,2026-07-25T01:57:23
LinkedIn,Data Scientist I,SteerLean Consulting,"Rayagada, Odisha, India",https://in.linkedin.com/jobs/view/data-scientist-i-at-steerlean-consulting-4445268424,2026-07-25,2026-07-25T01:57:23
LinkedIn,Python Developer,Infosys,"Chennai, Tamil Nadu, India",https://in.linkedin.com/jobs/view/python-developer-at-infosys-4443186691,2026-07-22,2026-07-25T07:53:54
LinkedIn,Python Backend Developer,Infosys,"Bengaluru East, Karnataka, India",https://in.linkedin.com/jobs/view/python-backend-developer-at-infosys-4443449076,2026-07-23,2026-07-25T07:53:54
LinkedIn,Chief Data Office - Data Management Senior Associate,hackajob,Mumbai Metropolitan Region,https://in.linkedin.com/jobs/view/chief-data-office-data-management-senior-associate-at-hackajob-4426059115,2026-07-04,2026-07-25T13:06:33
LinkedIn,SDE-Intern,ShareChat,"Bengaluru, Karnataka, India",https://in.linkedin.com/jobs/view/sde-intern-at-sharechat-4445316711,2026-07-25,2026-07-25T13:06:33
LinkedIn,Machine Learning Intern,MediNex Workforce,India,https://in.linkedin.com/jobs/view/machine-learning-intern-at-medinex-workforce-4444667489,2026-07-25,2026-07-25T13:06:33
LinkedIn,Business Data Analyst,Beyond Data Group,"Ajmer, Rajasthan, India",https://in.linkedin.com/jobs/view/business-data-analyst-at-beyond-data-group-4445341058,2026-07-25,2026-07-25T18:56:17
LinkedIn,Software Engineer Intern,eBay,"Bengaluru, Karnataka, India",https://in.linkedin.com/jobs/view/software-engineer-intern-at-ebay-4442321077,2026-07-25,2026-07-25T18:56:17
LinkedIn,Custom Software Engineer,Accenture in India,"Ahmedabad, Gujarat, India",https://in.linkedin.com/jobs/view/custom-software-engineer-at-accenture-in-india-4367477196,2026-07-17,2026-07-27T02:09:56
LinkedIn,Machine Learning Intern,MediNex Workforce,India,https://in.linkedin.com/jobs/view/machine-learning-intern-at-medinex-workforce-4444885706,2026-07-27,2026-07-27T14:14:27
LinkedIn,Software Engineering Intern,Constraal,Greater Kolkata Area,https://in.linkedin.com/jobs/view/software-engineering-intern-at-constraal-4444881789,2026-07-27,2026-07-27T14:14:27
LinkedIn,Custom Software Engineer,Accenture in India,"Coimbatore, Tamil Nadu, India",https://in.linkedin.com/jobs/view/custom-software-engineer-at-accenture-in-india-4441231354,2026-07-15,2026-07-27T19:16:01
LinkedIn,Python Software Engineer,Glencore,"Chennai, Tamil Nadu, India",https://in.linkedin.com/jobs/view/python-software-engineer-at-glencore-4443199040,2026-07-22,2026-07-27T19:16:01
LinkedIn,Machine Learning Intern,Future Interns,India,https://in.linkedin.com/jobs/view/machine-learning-intern-at-future-interns-4445163320,2026-07-27,2026-07-27T19:16:01
LinkedIn,Software Engineer Intern,AI Startup Impact,India,https://in.linkedin.com/jobs/view/software-engineer-intern-at-ai-startup-impact-4444875082,2026-07-27,2026-07-27T19:16:01
LinkedIn,Software Development Engineer Internship (With PPO),Outbox Labs,"Bengaluru, Karnataka, India",https://in.linkedin.com/jobs/view/software-development-engineer-internship-with-ppo-at-outbox-labs-4442804351,2026-07-24,2026-07-27T19:16:01
LinkedIn,Software Engineer Trainee,Monotype,"Noida, Uttar Pradesh, India",https://in.linkedin.com/jobs/view/software-engineer-trainee-at-monotype-4443492919,2026-07-23,2026-07-27T19:16:01
LinkedIn,Python Developer,Infosys,"Chennai, Tamil Nadu, India",https://in.linkedin.com/jobs/view/python-developer-at-infosys-4444649943,2026-07-25,2026-07-28T01:50:20
LinkedIn,Machine Learning Intern,Future Interns,India,https://in.linkedin.com/jobs/view/machine-learning-intern-at-future-interns-4445732901,2026-07-28,2026-07-28T19:11:37
LinkedIn,Software Engineer Intern,AI Startup Impact,India,https://in.linkedin.com/jobs/view/software-engineer-intern-at-ai-startup-impact-4445468315,2026-07-28,2026-07-28T19:11:37
LinkedIn,Software Engineer Intern,Remotohire,"Pune District, Maharashtra, India",https://in.linkedin.com/jobs/view/software-engineer-intern-at-remotohire-4443228448,2026-07-28,2026-07-28T19:11:37
LinkedIn,Backend Engineer (Python / FastAPI) | Remote,Crossing Hurdles,India,https://in.linkedin.com/jobs/view/backend-engineer-python-fastapi-remote-at-crossing-hurdles-4442294360,2026-07-21,2026-07-29T08:25:49
LinkedIn,Software Engineering Intern - SI & Agentic AI Platform,Sanas,"Bengaluru, Karnataka, India",https://in.linkedin.com/jobs/view/software-engineering-intern-si-agentic-ai-platform-at-sanas-4446565419,2026-07-29,2026-07-29T08:25:49
LinkedIn,Machine Learning Intern,MediNex Workforce,India,https://in.linkedin.com/jobs/view/machine-learning-intern-at-medinex-workforce-4445751544,2026-07-28,2026-07-29T08:25:49
LinkedIn,Summer 2027 Intern - Software Engineer,Salesforce,"Hyderabad, Telangana, India",https://in.linkedin.com/jobs/view/summer-2027-intern-software-engineer-at-salesforce-4446350750,2026-07-28,2026-07-29T08:25:49
LinkedIn,Power BI Developer,Deloitte,"Bhubaneswar, Odisha, India",https://in.linkedin.com/jobs/view/power-bi-developer-at-deloitte-4443233412,2026-07-28,2026-07-29T13:51:18
LinkedIn,Python Developer,Bridgenext,"Pune Division, Maharashtra, India",https://in.linkedin.com/jobs/view/python-developer-at-bridgenext-4445452631,2026-07-28,2026-07-29T13:51:18
LinkedIn,Software/Web Development Intern,Xeveloper,"Bengaluru, Karnataka, India",https://in.linkedin.com/jobs/view/software-web-development-intern-at-xeveloper-4437236626,2026-07-13,2026-07-29T13:51:18
LinkedIn,Machine Learning Intern,Webs IT Solution,India,https://in.linkedin.com/jobs/view/machine-learning-intern-at-webs-it-solution-4446361775,2026-07-28,2026-07-29T19:01:37
LinkedIn,Python Developer,Infosys,"Chennai, Tamil Nadu, India",https://in.linkedin.com/jobs/view/python-developer-at-infosys-4445422559,2026-07-28,2026-07-30T08:10:58
LinkedIn,Full Stack Developer (Fresher),SIONIQ - JOS,"Kochi, Kerala, India",https://in.linkedin.com/jobs/view/full-stack-developer-fresher-at-sioniq-jos-4445721710,2026-07-28,2026-07-30T08:10:58
LinkedIn,Junior software Engineer intern Content Management Systems,TeMetaTech,"Thiruvananthapuram, Kerala, India",https://in.linkedin.com/jobs/view/junior-software-engineer-intern-content-management-systems-at-temetatech-4446731164,2026-07-30,2026-07-30T08:10:58
LinkedIn,Software Engineering Intern,LandSeek AI,"Hyderabad, Telangana, India",https://in.linkedin.com/jobs/view/software-engineering-intern-at-landseek-ai-4446714714,2026-07-30,2026-07-30T08:10:58
LinkedIn,Data Analysis,EXL,"Gurugram, Haryana, India",https://in.linkedin.com/jobs/view/data-analysis-at-exl-4446726466,2026-07-30,2026-07-30T13:41:35
LinkedIn,Analyst-Data Analytics (SQL),American Express,"Gurugram, Haryana, India",https://in.linkedin.com/jobs/view/analyst-data-analytics-sql-at-american-express-4444386507,2026-07-24,2026-07-30T13:41:35
LinkedIn,Data Analyst,Lonza,"Hyderabad, Telangana, India",https://in.linkedin.com/jobs/view/data-analyst-at-lonza-4444931036,2026-07-24,2026-07-30T13:41:35
LinkedIn,Data Scientist,EXL,"Pune Division, Maharashtra, India",https://in.linkedin.com/jobs/view/data-scientist-at-exl-4446741090,2026-07-30,2026-07-30T13:41:35
LinkedIn,"Software Development Engineering (Web) Internship in Thane, Navi Mumbai, Mumbai",Openleaf,Mumbai Metropolitan Region,https://in.linkedin.com/jobs/view/software-development-engineering-web-internship-in-thane-navi-mumbai-mumbai-at-openleaf-4443595586,2026-07-22,2026-07-30T13:41:35
LinkedIn,Data Analyst,Monmouthshire Housing Association,"Akuhaito, Nagaland, India",https://in.linkedin.com/jobs/view/data-analyst-at-monmouthshire-housing-association-4445040706,2026-07-30,2026-07-30T19:13:33
LinkedIn,Data Scientist,EXL,"Pune Division, Maharashtra, India",https://in.linkedin.com/jobs/view/data-scientist-at-exl-4446739134,2026-07-30,2026-07-30T19:13:33
LinkedIn,Software Engineering Intern,Plasma Tech,Mumbai Metropolitan Region,https://in.linkedin.com/jobs/view/software-engineering-intern-at-plasma-tech-4445689097,2026-07-27,2026-07-31T02:03:29
LinkedIn,Trainee Software Engineer,CodeStore,"Noida, Uttar Pradesh, India",https://in.linkedin.com/jobs/view/trainee-software-engineer-at-codestore-4445489783,2026-07-15,2026-07-31T08:38:06
LinkedIn,"Machine Learning Intern (Model Training, Data Preprocessing, Python)",MediNex Workforce,India,https://in.linkedin.com/jobs/view/machine-learning-intern-model-training-data-preprocessing-python-at-medinex-workforce-4446997308,2026-07-31,2026-07-31T08:38:06
LinkedIn,"Artificial Intelligence Intern (Machine Learning Models, Python, AI Frameworks)",MediNex Workforce,India,https://in.linkedin.com/jobs/view/artificial-intelligence-intern-machine-learning-models-python-ai-frameworks-at-medinex-workforce-4446974811,2026-07-31,2026-07-31T08:38:06
LinkedIn,Software Engineer Intern,M3 Communications,"Bengaluru, Karnataka, India",https://in.linkedin.com/jobs/view/software-engineer-intern-at-m3-communications-4446717035,2026-07-30,2026-07-31T08:38:06
LinkedIn,Intern Software Developer,Uest,"Rajkot, Gujarat, India",https://in.linkedin.com/jobs/view/intern-software-developer-at-uest-4433575134,2026-06-26,2026-07-31T08:38:06
LinkedIn,Software Engineer Intern,GTPL,"Karnataka, India",https://in.linkedin.com/jobs/view/software-engineer-intern-at-gtpl-4446998489,2026-07-31,2026-07-31T13:46:14
LinkedIn,Software Engineer Intern,Averoft,"Bhopal, Madhya Pradesh, India",https://in.linkedin.com/jobs/view/software-engineer-intern-at-averoft-4445076989,2026-07-31,2026-07-31T13:46:14
LinkedIn,Python Developer,Deloitte,"Bengaluru, Karnataka, India",https://in.linkedin.com/jobs/view/python-developer-at-deloitte-4445521321,2026-07-31,2026-07-31T19:12:06
LinkedIn,"Machine Learning Intern (Model Training, Data Preprocessing, Python)",MediNex Workforce,India,https://in.linkedin.com/jobs/view/machine-learning-intern-model-training-data-preprocessing-python-at-medinex-workforce-4447144829,2026-07-31,2026-07-31T19:12:06
LinkedIn,Machine Learning Intern | Remote,Wake Up Whistle,India,https://in.linkedin.com/jobs/view/machine-learning-intern-remote-at-wake-up-whistle-4447160769,2026-07-31,2026-07-31T19:12:06
LinkedIn,Machine Learning Intern | Work From Home,ArGo Intern,India,https://in.linkedin.com/jobs/view/machine-learning-intern-work-from-home-at-argo-intern-4447160021,2026-07-31,2026-07-31T19:12:06
LinkedIn,python linux Gen AI Tool,Virtusa,"Andhra Pradesh, India",https://in.linkedin.com/jobs/view/python-linux-gen-ai-tool-at-virtusa-4444594960,2026-07-30,2026-08-01T02:04:39
LinkedIn,Data Scientist,Crescent Techservices,"Chennai, Tamil Nadu, India",https://in.linkedin.com/jobs/view/data-scientist-at-crescent-techservices-4445092052,2026-07-31,2026-08-01T02:04:39
LinkedIn,Sales Incentive Plan Analyst,Leica Microsystems,Greater Kolkata Area,https://in.linkedin.com/jobs/view/sales-incentive-plan-analyst-at-leica-microsystems-4441514906,2026-07-23,2026-08-01T08:07:23
LinkedIn,Pricing and Deal Desk Analyst,Varonis,Greater Kolkata Area,https://in.linkedin.com/jobs/view/pricing-and-deal-desk-analyst-at-varonis-4447016039,2026-07-30,2026-08-01T08:07:23
LinkedIn,"Sr Analyst, People Analytics & Insights",Cencora,"Pune Division, Maharashtra, India",https://in.linkedin.com/jobs/view/sr-analyst-people-analytics-insights-at-cencora-4408897625,2026-07-17,2026-08-01T08:07:23
LinkedIn,Application Engineer,Repario,Greater Coimbatore Area,https://in.linkedin.com/jobs/view/application-engineer-at-repario-4445258056,2026-07-24,2026-08-01T08:07:23
LinkedIn,Sr Analyst People Analytics & Insights,Cencora,"Pune Division, Maharashtra, India",https://in.linkedin.com/jobs/view/sr-analyst-people-analytics-insights-at-cencora-4409204020,2026-07-24,2026-08-01T08:07:23
LinkedIn,Data Analyst,IntouchCX,"Hyderabad, Telangana, India",https://in.linkedin.com/jobs/view/data-analyst-at-intouchcx-4304829196,2025-09-25,2026-08-01T08:07:23
LinkedIn,Lead Business Intelligence Analyst,Synergy Marine Group,"Mumbai, Maharashtra, India",https://in.linkedin.com/jobs/view/lead-business-intelligence-analyst-at-synergy-marine-group-4446962861,2026-07-31,2026-08-01T08:07:23
LinkedIn,Salesforce Operations & Data Quality Specialist,INRY,"Chennai, Tamil Nadu, India",https://in.linkedin.com/jobs/view/salesforce-operations-data-quality-specialist-at-inry-4444474396,2026-07-23,2026-08-01T08:07:23
LinkedIn,Digital Procurement Data Analyst,ISS Tech Team,"Chennai, Tamil Nadu, India",https://in.linkedin.com/jobs/view/digital-procurement-data-analyst-at-iss-tech-team-4445545266,2026-07-31,2026-08-01T08:07:23
LinkedIn,Sales Incentive Plan Analyst,Leica Microsystems,"Bengaluru East, Karnataka, India",https://in.linkedin.com/jobs/view/sales-incentive-plan-analyst-at-leica-microsystems-4441532146,2026-07-23,2026-08-01T08:07:23
LinkedIn,Data Analyst,Gradient,"Bengaluru, Karnataka, India",https://in.linkedin.com/jobs/view/data-analyst-at-gradient-4445485106,2026-07-28,2026-08-01T08:07:23
LinkedIn,Data Analyst,Tribute Technology,"Hyderabad, Telangana, India",https://in.linkedin.com/jobs/view/data-analyst-at-tribute-technology-4433403445,2026-06-26,2026-08-01T08:07:23
LinkedIn,AIIMS Bhubaneswar Recruitment 2020AIIMS Bhubaneswar Recruitment 2020,governmentjobsindia.net,"Bhubaneswar, Odisha, India",https://in.linkedin.com/jobs/view/aiims-bhubaneswar-recruitment-2020aiims-bhubaneswar-recruitment-2020-at-governmentjobsindia-net-4447471163,2026-08-01,2026-08-01T08:07:23
LinkedIn,Data Analyst,Policybazaar.com,"Gurugram, Haryana, India",https://in.linkedin.com/jobs/view/data-analyst-at-policybazaar-com-4440429220,2026-07-21,2026-08-01T08:07:23
LinkedIn,Data Analyst,Persistent Systems,"Pune Division, Maharashtra, India",https://in.linkedin.com/jobs/view/data-analyst-at-persistent-systems-4427454253,2026-07-08,2026-08-01T08:07:23
LinkedIn,Senior Associate,PwC India,"Bhopal, Madhya Pradesh, India",https://in.linkedin.com/jobs/view/senior-associate-at-pwc-india-4291067269,2026-07-19,2026-08-01T08:07:23
LinkedIn,Data Analytics Trainer,SkilloVilla,"Jaipur, Rajasthan, India",https://in.linkedin.com/jobs/view/data-analytics-trainer-at-skillovilla-4442446357,2026-07-30,2026-08-01T08:07:23
LinkedIn,Research Analyst at ISB MIHM - Hyderabad,ISB Centre for Business Innovation,"Hyderabad, Telangana, India",https://in.linkedin.com/jobs/view/research-analyst-at-isb-mihm-hyderabad-at-isb-centre-for-business-innovation-4432091896,2026-06-23,2026-08-01T08:07:23
LinkedIn,Data Analytics Team Lead,Tribute Technology,"Hyderabad, Telangana, India",https://in.linkedin.com/jobs/view/data-analytics-team-lead-at-tribute-technology-4433296634,2026-06-26,2026-08-01T08:07:23
LinkedIn,Business Analyst,Persistent Systems,"Bengaluru, Karnataka, India",https://in.linkedin.com/jobs/view/business-analyst-at-persistent-systems-4430342211,2026-07-08,2026-08-01T08:07:23
LinkedIn,SDE intern,1Fi,"Gurugram, Haryana, India",https://in.linkedin.com/jobs/view/sde-intern-at-1fi-4447470394,2026-08-01,2026-08-01T08:07:23
LinkedIn,Global Logistics Data Analytics Analyst,Rockwell Automation,"Andaman and Nicobar Islands, India",https://in.linkedin.com/jobs/view/global-logistics-data-analytics-analyst-at-rockwell-automation-4447505523,2026-07-31,2026-08-01T13:02:04
LinkedIn,Python Developer(SJ-IQ),SE Mentor Solutions,"Kochi, Kerala, India",https://in.linkedin.com/jobs/view/python-developer-sj-iq-at-se-mentor-solutions-4443924336,2026-07-22,2026-08-01T13:02:04
LinkedIn,AI and Machine Learning Intern,DataQ Labs by PrimrIQ,India,https://in.linkedin.com/jobs/view/ai-and-machine-learning-intern-at-dataq-labs-by-primriq-4447452432,2026-08-01,2026-08-01T13:02:04
LinkedIn,Software Engineer Intern,AI Startup Impact,India,https://in.linkedin.com/jobs/view/software-engineer-intern-at-ai-startup-impact-4447430472,2026-08-01,2026-08-01T13:02:04
LinkedIn,HIRE ALERT: E-commerce Full-Stack Developer (Fresher),Capacity Web Solutions Pvt Ltd,"Gujarat, India",https://in.linkedin.com/jobs/view/hire-alert-e-commerce-full-stack-developer-fresher-at-capacity-web-solutions-pvt-ltd-4411191096,2026-05-14,2026-08-01T13:02:04
LinkedIn,.NET Software Engineer - Remote Work | REF#297053,BairesDev,"Kolkata, West Bengal, India",https://in.linkedin.com/jobs/view/net-software-engineer-remote-work-ref%23297053-at-bairesdev-4438277010,2026-07-30,2026-08-01T13:02:04
LinkedIn,Senior Software Engineer - Backend - Remote,Jitterbit,"Delhi, Delhi, India",https://in.linkedin.com/jobs/view/senior-software-engineer-backend-remote-at-jitterbit-4423007102,2026-07-16,2026-08-01T13:02:04
LinkedIn,Computer Vision Engineer,Recex.co,"Chandigarh, Chandigarh, India",https://in.linkedin.com/jobs/view/computer-vision-engineer-at-recex-co-4236101779,2025-05-23,2026-08-01T13:02:04
LinkedIn,Senior Software Engineer,Cimpress,"Mumbai, Maharashtra, India",https://in.linkedin.com/jobs/view/senior-software-engineer-at-cimpress-4446031626,2026-07-29,2026-08-01T13:02:04
LinkedIn,Entry Level Software Engineer,Medpace,"Navi Mumbai, Maharashtra, India",https://in.linkedin.com/jobs/view/entry-level-software-engineer-at-medpace-4383545434,2026-07-19,2026-08-01T13:02:04
LinkedIn,Senior Software Engineer - Backend - Remote,Jitterbit,"Chandigarh, Chandigarh, India",https://in.linkedin.com/jobs/view/senior-software-engineer-backend-remote-at-jitterbit-4422999282,2026-07-16,2026-08-01T13:02:04
LinkedIn,Software Engineer II,PAR Technology,"Jaipur, Rajasthan, India",https://in.linkedin.com/jobs/view/software-engineer-ii-at-par-technology-4443167335,2026-07-22,2026-08-01T13:02:04
LinkedIn,Fresher (2026 Batch) | Software Developer,"Propel Consulting Services, Inc.","Chennai, Tamil Nadu, India",https://in.linkedin.com/jobs/view/fresher-2026-batch-software-developer-at-propel-consulting-services-inc-4444091704,2026-07-24,2026-08-01T13:02:04
LinkedIn,Full Stack Developer (Dotnet),Revocept Solutions,"Sas Nagar, Punjab, India",https://in.linkedin.com/jobs/view/full-stack-developer-dotnet-at-revocept-solutions-4248764592,2025-06-13,2026-08-01T13:02:04
LinkedIn,Backend developer Intern,Hancod,"Perintalmanna, Kerala, India",https://in.linkedin.com/jobs/view/backend-developer-intern-at-hancod-4447454753,2026-08-01,2026-08-01T18:57:54
LinkedIn,Machine Learning Intern | Remote,Wake Up Whistle,India,https://in.linkedin.com/jobs/view/machine-learning-intern-remote-at-wake-up-whistle-4447489516,2026-08-01,2026-08-02T02:01:21
LinkedIn,STUDENT SOFTWARE DEVELOPMENT ENGINEER (SDE),Wind TERPines,"Khamaria, Madhya Pradesh, India",https://in.linkedin.com/jobs/view/student-software-development-engineer-sde-at-wind-terpines-4445664651,2026-07-27,2026-08-02T02:01:21
LinkedIn,Software Engineering Intern (Full Stack),Joveo,"Bengaluru, Karnataka, India",https://in.linkedin.com/jobs/view/software-engineering-intern-full-stack-at-joveo-4445092763,2026-07-31,2026-08-02T02:01:21
LinkedIn,Virtual Assistants,Intellect Outsource,"Thrissur, Kerala, India",https://in.linkedin.com/jobs/view/virtual-assistants-at-intellect-outsource-4414546494,2026-05-14,2026-08-02T08:09:15
LinkedIn,Data Engineer (B),v4c.ai,"Pune Division, Maharashtra, India",https://in.linkedin.com/jobs/view/data-engineer-b-at-v4c-ai-4444799286,2026-07-23,2026-08-02T08:09:15
LinkedIn,Sr. Data Scientist,vConstruct Private Limited,"Nagpur, Maharashtra, India",https://in.linkedin.com/jobs/view/sr-data-scientist-at-vconstruct-private-limited-4436507644,2026-07-07,2026-08-02T08:09:15
LinkedIn,Fullstack Developer,Propelius Technologies,"Indore, Madhya Pradesh, India",https://in.linkedin.com/jobs/view/fullstack-developer-at-propelius-technologies-4306112554,2025-09-30,2026-08-02T08:09:15
LinkedIn,Want to build the foundation for Enterprise AI? Join xAQUA,xAQUA ✓,"Kolkata metropolitan area, West Bengal, India",https://in.linkedin.com/jobs/view/want-to-build-the-foundation-for-enterprise-ai%3F-join-xaqua-at-xaqua-%E2%9C%93-4442983010,2026-07-23,2026-08-02T08:09:15
LinkedIn,Software Engineer,CertifyOS,"Pune Division, Maharashtra, India",https://in.linkedin.com/jobs/view/software-engineer-at-certifyos-4403727108,2026-04-24,2026-08-02T08:09:15
LinkedIn,Security Engineer ( AI Compliance & Offensive Security ),Dreamcast,"Jaipur, Rajasthan, India",https://in.linkedin.com/jobs/view/security-engineer-ai-compliance-offensive-security-at-dreamcast-4442650895,2026-07-21,2026-08-02T08:09:15
LinkedIn,Mobile App Developer,Intellect Outsource,"Thrissur, Kerala, India",https://in.linkedin.com/jobs/view/mobile-app-developer-at-intellect-outsource-4405807870,2026-04-23,2026-08-02T08:09:15
LinkedIn,Coffeebeans.io - Data Support Engineer,CoffeeBeans,Greater Chennai Area,https://in.linkedin.com/jobs/view/coffeebeans-io-data-support-engineer-at-coffeebeans-4445268509,2026-07-25,2026-08-02T08:09:15
LinkedIn,Frappe Developer | ERP Next,ChromeInfotech,India,https://in.linkedin.com/jobs/view/frappe-developer-erp-next-at-chromeinfotech-3815120583,2024-01-25,2026-08-02T08:09:15
LinkedIn,"Artificial Intelligence Intern (Machine Learning Models, Python, AI Frameworks)",MediNex Workforce,India,https://in.linkedin.com/jobs/view/artificial-intelligence-intern-machine-learning-models-python-ai-frameworks-at-medinex-workforce-4447625952,2026-08-02,2026-08-02T08:09:15
LinkedIn,Machine Learning Intern | Remote,Wake Up Whistle,India,https://in.linkedin.com/jobs/view/machine-learning-intern-remote-at-wake-up-whistle-4447634592,2026-08-02,2026-08-02T08:09:15
LinkedIn,Graduate Engineer Trainee - Data Engineering,Emerson,"Pune Division, Maharashtra, India",https://in.linkedin.com/jobs/view/graduate-engineer-trainee-data-engineering-at-emerson-4446744878,2026-07-30,2026-08-02T13:03:42
LinkedIn,Software Engineer Intern,Friday Media Tech India (fmg),"Bengaluru, Karnataka, India",https://in.linkedin.com/jobs/view/software-engineer-intern-at-friday-media-tech-india-fmg-4445270643,2026-07-25,2026-08-02T13:03:42
LinkedIn,Software Engineer Intern,Cloudnaut Technologies,"Pune District, Maharashtra, India",https://in.linkedin.com/jobs/view/software-engineer-intern-at-cloudnaut-technologies-4443225149,2026-07-28,2026-08-02T13:03:42
LinkedIn,Backend Developer (Python / FastAPI) (CTC : 2.5 - 4 LPA),EduSkills Foundation®,"Bhubaneswar, Odisha, India",https://in.linkedin.com/jobs/view/backend-developer-python-fastapi-ctc-2-5-4-lpa-at-eduskills-foundation%C2%AE-4445840566,2026-08-02,2026-08-02T18:58:59
LinkedIn,Data Scientist,Encomm,"Chennai, Tamil Nadu, India",https://in.linkedin.com/jobs/view/data-scientist-at-encomm-4447850919,2026-08-02,2026-08-02T18:58:59
LinkedIn,Software Engineer Intern,Cloudnaut,"Pune District, Maharashtra, India",https://in.linkedin.com/jobs/view/software-engineer-intern-at-cloudnaut-4443225149,2026-07-28,2026-08-02T18:58:59
LinkedIn,Software Engineer Intern,eBay,"Bengaluru, Karnataka, India",https://in.linkedin.com/jobs/view/software-engineer-intern-at-ebay-4445854769,2026-08-02,2026-08-03T02:03:46
LinkedIn,"Machine Learning Intern (Model Training, Data Preprocessing, Python)",MediNex Workforce,India,https://in.linkedin.com/jobs/view/machine-learning-intern-model-training-data-preprocessing-python-at-medinex-workforce-4447650395,2026-08-02,2026-08-03T02:03:46
LinkedIn,"Artificial Intelligence Intern (Machine Learning Models, Python, AI Frameworks)",MediNex Workforce,India,https://in.linkedin.com/jobs/view/artificial-intelligence-intern-machine-learning-models-python-ai-frameworks-at-medinex-workforce-4447658072,2026-08-02,2026-08-03T02:03:46
LinkedIn,Data Analyst (Python-SQL),Persistent Systems,"Pune City, Maharashtra, India",https://in.linkedin.com/jobs/view/data-analyst-python-sql-at-persistent-systems-4445083398,2026-07-31,2026-08-03T09:28:51
LinkedIn,Software Engineer Intern,Stackbinary,Mumbai Metropolitan Region,https://in.linkedin.com/jobs/view/software-engineer-intern-at-stackbinary-4447690551,2026-08-03,2026-08-03T09:28:51
LinkedIn,Software Engineering Intern,Flam,"Bengaluru, Karnataka, India",https://in.linkedin.com/jobs/view/software-engineering-intern-at-flam-4445878655,2026-08-03,2026-08-03T14:21:29
LinkedIn,Machine Learning Intern | Remote,Wake Up Whistle,India,https://in.linkedin.com/jobs/view/machine-learning-intern-remote-at-wake-up-whistle-4447901174,2026-08-03,2026-08-03T14:21:29
LinkedIn,Trainee Software Engineer,TRKFLY AI,"Hyderabad, Telangana, India",https://in.linkedin.com/jobs/view/trainee-software-engineer-at-trkfly-ai-4448164392,2026-08-03,2026-08-03T14:21:29
LinkedIn,Software Engineer Intern,AI Startup Impact,India,https://in.linkedin.com/jobs/view/software-engineer-intern-at-ai-startup-impact-4447695136,2026-08-03,2026-08-03T14:21:29
LinkedIn,Data Analyst,E-CLIDE HSE LMS,"Nagpur, Maharashtra, India",https://in.linkedin.com/jobs/view/data-analyst-at-e-clide-hse-lms-4410518714,2026-04-10,2026-08-03T19:21:51
LinkedIn,Business Analyst II,Simplify Healthcare,"Pune City, Maharashtra, India",https://in.linkedin.com/jobs/view/business-analyst-ii-at-simplify-healthcare-4437775902,2026-07-07,2026-08-03T19:21:51
LinkedIn,Custom Software Engineer,Accenture in India,"Bhubaneswar, Odisha, India",https://in.linkedin.com/jobs/view/custom-software-engineer-at-accenture-in-india-4448372334,2026-08-03,2026-08-03T19:21:51
LinkedIn,Custom Software Engineer,Accenture in India,"Coimbatore, Tamil Nadu, India",https://in.linkedin.com/jobs/view/custom-software-engineer-at-accenture-in-india-4448384799,2026-08-03,2026-08-03T19:21:51
LinkedIn,Analytics Practitioner,Accenture in India,"Coimbatore, Tamil Nadu, India",https://in.linkedin.com/jobs/view/analytics-practitioner-at-accenture-in-india-4448324632,2026-08-03,2026-08-04T01:49:10
LinkedIn,Tata 1mg Off Campus Recruitment | SDE Intern – Fresher,Fresher Jobs,"Gurgaon, Haryana, India",https://in.linkedin.com/jobs/view/tata-1mg-off-campus-recruitment-sde-intern-%E2%80%93-fresher-at-fresher-jobs-4448682373,2026-08-04,2026-08-04T01:49:10
LinkedIn,Associate -Data Analyst,Myntra,"Bengaluru, Karnataka, India",https://in.linkedin.com/jobs/view/associate-data-analyst-at-myntra-4448336078,2026-08-03,2026-08-04T08:25:25
LinkedIn,Machine Learning Intern | Remote,Wake Up Whistle,India,https://in.linkedin.com/jobs/view/machine-learning-intern-remote-at-wake-up-whistle-4448271871,2026-08-04,2026-08-04T08:25:25
LinkedIn,Software Engineer Trainee,Monotype,"Noida, Uttar Pradesh, India",https://in.linkedin.com/jobs/view/software-engineer-trainee-at-monotype-4443810802,2026-07-23,2026-08-04T08:25:25
LinkedIn,Python Backend Developer,Infosys,"Bengaluru East, Karnataka, India",https://in.linkedin.com/jobs/view/python-backend-developer-at-infosys-4447605273,2026-08-01,2026-08-04T13:52:18
LinkedIn,Tech Intern,Pineswift Technologies,"Chandigarh, Chandigarh, India",https://in.linkedin.com/jobs/view/tech-intern-at-pineswift-technologies-4448190976,2026-08-03,2026-08-04T13:52:18
LinkedIn,"Machine Learning Intern (Model Training, Data Preprocessing, Python)",MediNex Workforce,India,https://in.linkedin.com/jobs/view/machine-learning-intern-model-training-data-preprocessing-python-at-medinex-workforce-4448520133,2026-08-04,2026-08-04T19:20:36
LinkedIn,"Intern, Software Engineering",Intuit,"Bengaluru, Karnataka, India",https://in.linkedin.com/jobs/view/intern-software-engineering-at-intuit-4448546206,2026-08-04,2026-08-04T19:20:36
LinkedIn,"Intern, Software Engineering",Intuit,"Bengaluru, Karnataka, India",https://in.linkedin.com/jobs/view/intern-software-engineering-at-intuit-4448533335,2026-08-04,2026-08-04T19:20:36
LinkedIn,Machine Learning Intern | Remote,Wake Up Whistle,India,https://in.linkedin.com/jobs/view/machine-learning-intern-remote-at-wake-up-whistle-4448526734,2026-08-04,2026-08-04T19:20:36
